"Series Description","Animal food  (NAICS = 3111); n.s.a. IP","Grain and oilseed milling  (NAICS = 3112); n.s.a. IP","Sugar and confectionery product  (NAICS = 3113); n.s.a. IP","Fruit and vegetable preserving and specialty food  (NAICS = 3114); n.s.a. IP","Dairy product (except frozen)  (NAICS = 31151); n.s.a. IP","Animal slaughtering and processing  (NAICS = 3116); n.s.a. IP","Coffee and tea  (NAICS = 31192); n.s.a. IP","Fluid milk  (NAICS = 311511); n.s.a. IP","Creamery butter  (NAICS = 311512); n.s.a. IP","Cheese  (NAICS = 311513); n.s.a. IP","Dry, condensed, and evaporated dairy product  (NAICS = 311514); n.s.a. IP","Ice cream and frozen dessert  (NAICS = 31152); n.s.a. IP","Bakeries and tortilla  (NAICS = 3118); n.s.a. IP","Soft drink and ice  (NAICS = 31211); n.s.a. IP","Breweries  (NAICS = 31212); n.s.a. IP"
"Unit:","Index:_2017_100","Index:_2017_100","Index:_2017_100","Index:_2017_100","Index:_2017_100","Index:_2017_100","Index:_2017_100","Index:_2017_100","Index:_2017_100","Index:_2017_100","Index:_2017_100","Index:_2017_100","Index:_2017_100","Index:_2017_100","Index:_2017_100"
"Multiplier:","1","1","1","1","1","1","1","1","1","1","1","1","1","1","1"
"Currency:","NA","NA","NA","NA","NA","NA","NA","NA","NA","NA","NA","NA","NA","NA","NA"
"Unique Identifier: ","G17/IP_NONDURABLE_GOODS_DETAIL/IP.G3111.N","G17/IP_NONDURABLE_GOODS_DETAIL/IP.G3112.N","G17/IP_NONDURABLE_GOODS_DETAIL/IP.G3113.N","G17/IP_NONDURABLE_GOODS_DETAIL/IP.G3114.N","G17/IP_NONDURABLE_GOODS_DETAIL/IP.G31151.N","G17/IP_NONDURABLE_GOODS_DETAIL/IP.G3116.N","G17/IP_NONDURABLE_GOODS_DETAIL/IP.G31192.N","G17/IP_NONDURABLE_GOODS_DETAIL/IP.N311511.N","G17/IP_NONDURABLE_GOODS_DETAIL/IP.N311512.N","G17/IP_NONDURABLE_GOODS_DETAIL/IP.N311513.N","G17/IP_NONDURABLE_GOODS_DETAIL/IP.N311514.N","G17/IP_NONDURABLE_GOODS_DETAIL/IP.N31152.N","G17/IP_NONDURABLE_GOODS_DETAIL/IP.N3118.N","G17/IP_NONDURABLE_GOODS_DETAIL/IP.N31211.N","G17/IP_NONDURABLE_GOODS_DETAIL/IP.N31212.N"
"Time Period","IP.G3111.N","IP.G3112.N","IP.G3113.N","IP.G3114.N","IP.G31151.N","IP.G3116.N","IP.G31192.N","IP.N311511.N","IP.N311512.N","IP.N311513.N","IP.N311514.N","IP.N31152.N","IP.N3118.N","IP.N31211.N","IP.N31212.N"
1972-01,34.6961,47.8462,74.6385,59.9520,56.3433,39.1359,88.0985,93.8692,58.5972,23.6976,48.3905,60.1529,86.9270,53.9428,42.0694
1972-02,33.8895,48.0330,62.5554,62.6868,58.8904,38.0237,108.7269,97.3086,60.3190,24.9751,52.6737,67.2738,87.0573,53.0928,44.9074
1972-03,33.5949,48.2429,57.5046,62.0129,62.4832,39.4701,87.3866,101.6648,59.9039,27.4163,59.2914,74.4713,88.0546,53.9394,50.3300
1972-04,33.1411,49.3573,56.2333,62.4881,65.9364,39.7168,97.3909,106.7070,67.8469,28.3575,64.5733,78.3607,87.5015,55.0427,55.6156
1972-05,32.8717,47.5457,56.6197,63.2913,69.5507,38.5080,88.6980,110.7340,67.3217,30.2025,73.2279,85.0335,89.2454,57.8405,53.0216
1972-06,35.5140,49.0491,58.9134,65.8916,70.9409,39.6103,79.2506,111.8276,66.2488,32.1302,75.5397,100.9164,92.9756,65.6995,59.2930
1972-07,35.3277,48.0591,60.1262,65.2049,63.8053,35.9084,73.6059,103.8732,54.6438,28.2536,61.2212,100.4452,93.3437,66.2211,56.2084
1972-08,35.2979,49.3021,61.6847,71.5668,60.0039,39.5810,82.6571,99.9581,44.5693,26.4331,52.9814,96.6676,91.9589,66.0558,52.3866
1972-09,34.6192,48.3251,65.3464,77.6571,57.1905,40.0122,93.3774,98.3809,42.6468,24.8130,43.2938,86.0740,92.5882,62.3802,48.6807
1972-10,34.3151,53.2810,93.1022,74.8477,55.4508,42.4762,85.4313,95.9344,48.1412,24.0136,39.6869,70.6176,91.0851,57.5230,46.9488
1972-11,33.1467,48.0965,91.9384,68.9164,53.9925,40.2066,99.1828,94.5240,47.8623,23.1520,36.2266,61.0008,91.3959,56.3937,41.4681
1972-12,34.7928,51.0605,92.2597,63.3456,56.6438,37.6740,98.3734,96.9484,55.2771,24.7895,41.6545,58.8465,91.1415,57.2372,40.9245
1973-01,33.8560,50.8072,79.4889,65.1860,57.9834,37.2538,90.6153,99.3585,61.7824,24.4918,43.3320,61.2941,85.9705,55.1272,44.0613
1973-02,32.5077,50.8564,67.2754,67.0941,60.7049,36.0946,116.3583,104.0466,63.3173,25.7268,45.3741,72.4360,87.9505,55.2803,48.9058
1973-03,31.4980,48.4713,60.6097,67.4995,63.6197,35.3024,92.6348,107.8055,62.7074,27.5221,49.8780,80.3533,87.6160,57.2674,53.8403
1973-04,30.6932,46.5389,61.2107,67.6835,67.5280,33.0113,103.9956,113.5289,68.2615,29.7058,53.7874,84.1729,88.0736,57.0435,56.1971
1973-05,31.3999,46.0954,62.4189,69.4468,71.4637,35.9612,90.5380,117.6550,69.4437,31.6990,62.4047,87.6493,89.2296,61.2764,55.6976
1973-06,33.9671,44.7867,65.1934,69.1241,71.9818,35.8758,80.8899,117.6295,65.3889,32.7462,63.8837,110.0961,92.5584,68.6145,56.2337
1973-07,33.9226,42.8765,62.7436,70.2114,63.7527,33.8498,71.8149,108.7445,50.4668,28.0606,49.6619,107.7167,92.7385,71.3189,58.1027
1973-08,34.1431,45.6725,63.7291,73.7702,59.3309,33.7236,80.1648,103.4647,40.9909,25.5730,43.2777,99.9806,92.6462,68.6628,57.6755
1973-09,33.1141,45.5190,70.1886,86.6336,56.0523,35.9191,92.1515,100.3490,41.5603,22.8472,37.3725,91.9192,92.7929,65.5990,55.0821
1973-10,34.2147,50.3832,89.6334,83.9419,55.2223,39.1057,88.3103,98.1382,46.7827,23.8670,34.9359,75.5451,92.5125,60.5108,50.8958
1973-11,34.9490,53.3348,95.1430,74.5128,54.8974,38.3257,100.6891,97.5852,46.6870,24.9589,32.3020,66.1446,94.1652,58.6175,46.9010
1973-12,35.7834,53.1461,91.6248,64.6420,57.8444,36.0692,99.3190,99.6317,55.2803,27.4359,37.9901,61.7268,92.1394,58.6801,47.0563
1974-01,35.6088,55.0259,77.2300,62.0003,59.6575,37.7643,88.0001,102.7434,62.2506,28.2398,38.5466,63.1808,88.0038,56.6367,50.8826
1974-02,33.9514,55.6428,72.7931,66.1333,62.6244,35.4941,113.1608,106.8859,61.0562,30.7431,41.1575,75.5855,87.4503,55.8666,52.3114
1974-03,32.7432,54.5249,67.2352,64.4013,65.5844,38.3020,88.5969,110.1542,61.5421,32.5626,46.6999,84.5379,87.0666,56.8010,58.3761
1974-04,31.8903,51.0270,58.6064,64.2966,69.9074,37.9689,98.9723,115.4906,70.7429,33.7925,54.9711,84.8590,86.6315,56.8244,57.4836
1974-05,33.2941,51.1108,64.9621,65.0975,73.2960,37.9095,84.8726,120.1503,76.7548,33.3819,63.0649,90.8295,89.4002,61.3083,62.1111
1974-06,35.4679,52.8179,69.2915,69.8287,75.0484,38.9957,71.1405,121.4619,79.1563,34.1201,68.0473,110.2547,91.9277,66.5801,70.5513
1974-07,35.9960,51.3804,57.5179,70.2041,68.0549,36.3599,62.9329,112.8776,60.1613,30.1205,58.7100,104.2233,91.7525,69.2645,66.3491
1974-08,35.7461,52.7987,61.9977,74.6787,63.8636,38.6593,70.3899,108.0736,53.1503,28.0076,51.2126,101.3504,91.8070,69.4301,62.6052
1974-09,35.5689,52.8072,61.1319,85.4297,59.9975,39.6509,76.0928,105.4086,51.0003,26.8841,38.1820,89.7633,91.6804,61.9802,57.5427
1974-10,35.1268,55.4107,86.4595,80.8478,57.9480,40.8204,82.6278,101.9491,51.4918,26.8271,34.5405,73.9316,91.0089,58.7878,51.0134
1974-11,33.8649,55.5538,88.1385,70.6888,57.1527,37.8715,95.1692,100.6572,51.6950,26.3474,33.8614,66.3695,90.3724,57.8073,47.0380
1974-12,34.6019,54.0243,75.7634,62.3377,60.7863,35.6176,101.5694,102.8103,66.8532,27.2281,45.0525,61.2611,88.1716,57.9410,47.4498
1975-01,33.2701,53.4621,58.4481,59.3924,62.2845,36.4086,82.5187,106.0210,71.5196,26.9460,46.0144,64.4720,82.6789,55.2537,51.0561
1975-02,33.0473,53.8000,45.9752,62.6945,65.1938,35.6940,107.8314,110.4245,72.9653,28.6453,48.8058,75.6590,83.7131,53.8629,51.3356
1975-03,32.8316,52.6446,44.2089,61.9674,67.4430,34.9888,84.3665,114.0434,73.4773,30.6895,49.0784,85.4416,84.2949,55.1558,53.0014
1975-04,32.7117,53.7098,52.1356,61.9498,71.5778,35.7400,99.2395,119.5795,75.3932,32.3627,56.2670,85.3638,84.0796,56.2825,60.2376
1975-05,33.1931,51.8342,53.0585,63.3377,75.7347,33.1300,85.7176,123.7070,72.8814,34.8276,65.9193,97.6661,87.4372,60.5268,58.0814
1975-06,35.2799,54.2452,55.2547,70.4120,76.4975,35.2219,77.4328,124.0152,67.3992,36.5381,66.9780,113.8873,90.6966,68.2830,67.7186
1975-07,35.8438,54.0525,54.3151,70.7348,68.0097,33.4693,85.7163,114.7542,48.7881,31.9696,52.9741,108.4895,91.6984,71.1228,63.3826
1975-08,36.1476,56.9158,58.2870,69.2357,63.0987,35.8104,100.2117,109.8517,43.6165,28.9628,43.6516,105.1578,93.1153,71.3778,61.6799
1975-09,36.2783,58.0366,57.7428,81.2204,60.7661,37.8166,94.8380,107.6217,43.2783,28.1156,37.5044,90.4010,93.7254,66.3684,54.7861
1975-10,36.6064,61.1713,83.8241,81.3673,59.3206,39.5076,86.3672,105.3627,49.2885,27.6325,34.4475,75.9578,92.9931,61.5923,49.7971
1975-11,35.9857,59.3245,91.8427,72.5620,58.7488,38.4102,97.1983,104.8260,51.8375,26.7708,33.8686,70.4379,94.1691,60.9192,50.0357
1975-12,37.8467,57.8527,88.7841,63.7098,62.4766,36.7239,92.6334,107.2995,61.6255,29.6785,41.1617,62.9408,94.6371,61.1713,48.2745
1976-01,37.2920,58.4330,76.3709,61.6003,63.8409,38.3914,113.3646,109.8315,69.7709,29.7285,41.8321,62.1361,90.6052,58.6248,50.6576
1976-02,36.4172,59.8847,65.2482,65.3625,66.0447,38.0545,124.2089,113.3895,71.5073,30.2437,44.8132,74.2916,91.2529,58.0667,54.1709
1976-03,35.1935,58.4571,53.8063,64.7119,68.8268,40.5415,101.2010,117.1698,66.5510,32.8179,47.5469,87.2367,90.8001,59.5697,47.7711
1976-04,34.6114,57.8611,55.9583,65.1631,73.4299,38.4105,109.1109,123.0029,66.5538,35.3792,54.5049,90.4130,92.2156,61.3631,57.7474
1976-05,36.4167,59.0132,61.2559,68.2604,75.5319,37.6324,109.3203,125.8969,70.4649,36.2566,57.2390,94.4490,93.1547,64.2497,65.7206
1976-06,37.3792,58.8407,59.2650,71.2977,77.0962,40.4971,78.0034,126.0194,62.1066,38.0618,62.4574,110.3707,95.9297,68.4120,67.1504
1976-07,37.2230,58.2935,60.2855,72.6256,70.1133,38.9770,89.8934,117.7069,50.3798,33.4519,53.8165,107.7996,95.2147,70.3873,69.3447
1976-08,37.3690,60.7588,62.3481,75.9226,66.1619,43.4337,73.4583,113.8665,45.1419,31.9786,45.4564,104.1459,94.8475,67.7767,69.1739
1976-09,38.0218,60.9007,67.0590,88.0785,63.4571,45.3011,63.4864,111.3126,42.6017,30.3274,40.4585,92.5304,94.6306,64.2678,61.7286
1976-10,38.1768,61.3572,94.1793,79.8658,60.9537,46.7960,78.3092,107.6803,50.6279,28.5254,37.3713,75.3426,93.1627,61.7157,59.3117
1976-11,37.9336,59.7217,97.5425,74.6838,60.6993,44.5314,91.9813,106.5582,46.8759,29.5362,36.8946,67.7482,93.8579,61.0994,48.9874
1976-12,38.9320,59.5277,99.6218,66.6596,63.7761,41.3897,90.4403,108.3216,51.0629,31.3766,44.5501,62.6841,93.8796,62.0926,46.7586
1977-01,38.1985,60.2028,85.1323,65.7253,63.9860,41.8738,107.1960,110.4831,58.8432,29.7378,43.5622,63.9747,87.7994,59.4979,53.3988
1977-02,39.1273,64.2415,78.6938,70.0300,67.3522,42.1109,100.8563,114.8019,54.3115,31.3114,49.3758,75.3053,88.3904,60.9043,54.8382
1977-03,38.2683,64.7931,67.5275,70.4996,70.3276,42.9440,63.8650,118.1347,47.2229,33.5901,54.1121,90.3147,88.3548,61.7504,68.2719
1977-04,37.9850,59.3344,66.3800,71.2638,75.4371,41.5543,78.6420,123.8527,49.0773,35.3005,64.8809,92.9676,88.2688,63.4275,72.0884
1977-05,38.9722,59.7137,67.9570,67.4742,78.3342,40.0479,64.8780,126.9298,48.0533,36.5610,70.9700,99.4447,89.2757,67.4307,74.1954
1977-06,41.1679,59.7470,68.2077,69.1113,79.4248,42.6583,38.3827,126.7946,42.3259,36.5717,77.1808,115.0989,91.9124,73.7574,75.0042
1977-07,40.8315,57.5097,66.0152,71.6340,73.1275,39.0938,36.1595,119.5679,37.5066,31.3188,70.5456,112.6974,91.4551,75.9741,72.4608
1977-08,40.5504,61.2575,67.9715,77.3251,68.5635,42.7126,50.5300,116.3374,33.4640,30.7234,55.5645,106.7610,92.4265,75.9913,65.8181
1977-09,41.1702,61.1400,73.2254,87.5429,66.2906,43.8020,49.3267,114.0622,33.8389,28.8671,52.2753,92.0197,93.0051,70.9312,59.6673
1977-10,41.1706,62.4635,94.8798,82.2325,63.9767,44.8640,58.3894,110.7914,39.4934,28.3619,47.3371,76.2702,92.0365,67.2875,58.2665
1977-11,41.5722,63.6112,92.2255,75.4498,63.0134,43.8396,82.5702,109.5469,38.0432,28.1143,45.5922,67.6102,92.6442,66.8443,54.6969
1977-12,42.6591,62.0958,98.1990,69.5129,66.2811,40.7903,88.5313,110.9347,41.9180,30.7289,53.2850,61.6376,93.1991,67.5677,53.8305
1978-01,40.6676,60.7037,78.2847,67.2359,66.8242,40.8521,97.6076,112.9215,52.8021,29.3810,53.7196,62.0842,87.7999,64.1941,59.1689
1978-02,41.8403,62.7818,69.9303,69.3043,68.7186,41.9575,107.9847,116.1105,52.6460,30.9813,53.9525,73.1007,87.8417,64.8510,64.0428
1978-03,42.0234,64.4006,66.4863,70.5150,72.1899,41.1888,77.1182,119.0652,48.9988,33.6166,60.5681,84.1942,88.6659,67.8500,70.5831
1978-04,40.8332,63.4669,67.3613,69.0491,75.5230,42.4294,92.8769,124.3197,55.3522,33.3213,67.0107,89.3366,89.0011,70.4599,77.5155
1978-05,40.5570,60.6450,66.7801,72.0315,77.9552,41.1801,76.1067,126.1892,51.2149,35.1121,72.3015,92.7390,90.2258,71.0609,74.1646
1978-06,42.8569,62.3522,68.0946,80.9352,79.5003,41.3593,60.1311,126.0722,47.4638,35.9511,78.6982,111.6701,92.7653,79.4133,78.8302
1978-07,42.3579,59.3316,63.1467,78.2515,71.3239,39.9221,59.7549,117.8999,41.2129,30.5953,65.7617,107.2555,92.4299,80.2498,79.8943
1978-08,41.7257,63.8601,66.1613,82.6079,66.9367,42.6298,90.6342,113.5793,34.4851,29.6924,55.2227,104.0116,93.2282,79.1194,78.9643
1978-09,42.3442,62.9250,72.1200,90.6954,63.4645,43.4722,88.8408,110.7941,37.1918,28.2475,46.1723,90.9006,92.9782,75.9140,70.6407
1978-10,42.2752,66.7312,91.5654,85.9383,61.3727,45.5604,83.3761,107.4026,39.9743,28.6961,41.0062,79.4303,91.4013,71.6861,66.8091
1978-11,41.6383,64.5361,97.3533,79.0592,60.1775,44.3073,102.4083,104.8268,37.3109,29.5797,38.4927,68.0972,92.6267,70.5333,58.9434
1978-12,42.7466,63.7517,99.4282,71.2175,62.2286,42.0619,101.3356,104.8689,43.9555,30.7541,45.0657,62.5995,92.3159,70.8979,60.7217
1979-01,41.7366,60.6586,85.9585,65.7158,62.3049,41.6157,110.4773,106.3368,51.5417,29.8085,43.7692,63.2114,87.3714,68.4961,61.0631
1979-02,41.0280,62.3288,73.8648,70.5249,64.3761,40.0679,110.5704,108.7212,50.7106,30.6289,47.8557,74.1759,88.1084,68.4853,67.8181
1979-03,40.2391,63.4307,70.6219,68.8489,67.2956,41.3367,78.8544,110.5433,46.2683,32.7695,54.8378,86.7041,89.0238,71.1795,75.4530
1979-04,39.0441,61.7420,67.2077,69.8580,70.9841,41.3570,102.3167,114.0701,49.6958,33.3712,64.4580,91.4961,89.0362,71.0800,77.3964
1979-05,39.5135,63.9180,68.2578,71.0944,73.6414,41.5494,87.4754,116.2580,48.1361,34.4480,71.2307,95.0070,89.5936,74.1656,73.6716
1979-06,41.0409,63.5620,70.6167,75.1814,74.7423,42.6228,76.7481,116.3059,42.0124,35.9399,74.1811,110.4610,91.5996,79.5578,77.1132
1979-07,41.2388,63.0426,65.1248,72.5861,67.8270,41.6798,62.4534,109.3301,35.3070,32.2217,61.5588,107.5035,91.2267,79.7127,76.1046
1979-08,41.3876,65.4012,67.1413,80.3742,64.5041,44.4945,83.4546,106.2361,29.5570,31.2448,53.7660,107.1211,91.8952,80.5130,71.9664
1979-09,41.5636,63.5751,70.3602,86.9906,61.4613,43.3320,83.7498,105.1542,30.4417,30.3868,42.8145,95.6277,92.3244,76.7236,69.9539
1979-10,41.9488,65.0633,88.0263,82.7562,60.5951,47.4821,80.8901,102.5084,34.8501,31.1829,41.5811,79.8576,92.0026,72.7603,65.3322
1979-11,42.6668,65.8032,92.9264,72.8943,59.8576,44.7904,89.2312,101.2882,34.8095,30.3176,41.9046,68.1141,93.7651,71.1909,58.4347
1979-12,44.2927,65.4376,91.9604,67.8914,61.7726,42.6815,94.7454,102.6587,38.9712,31.3238,46.3119,63.4910,92.3729,71.2506,58.8060
1980-01,43.7870,66.3550,75.6770,65.0785,63.2392,44.3943,100.1351,105.1648,45.5473,31.7299,47.4569,67.2001,87.2563,68.4089,62.3226
1980-02,42.0323,67.1866,73.5049,71.7331,65.9295,43.3134,99.3521,108.6690,46.2753,32.9804,51.5371,76.6916,87.2591,66.9284,68.9695
1980-03,42.4068,67.0217,64.8382,70.1192,68.0563,43.8661,76.7263,111.4791,45.2885,34.6353,53.5194,86.1666,87.4619,67.9674,74.9445
1980-04,41.2265,62.3196,57.0723,69.2356,72.5039,45.6657,102.9848,115.9503,48.7046,35.5334,64.8408,88.2806,86.9193,69.4501,73.2904
1980-05,41.4598,62.7093,64.7393,69.3460,75.2500,44.9829,91.7274,118.7987,48.8906,36.9277,70.1719,92.4681,88.9746,72.2895,77.9832
1980-06,43.5261,65.2081,67.0362,72.9690,75.7182,45.0345,68.2103,118.5126,41.3975,38.1616,71.0646,108.8121,90.4243,77.3458,82.8850
1980-07,43.4640,62.9012,61.8606,73.6014,69.7125,41.1212,65.4454,111.4390,33.4620,34.2192,63.2119,108.2165,89.9502,79.1977,79.5294
1980-08,43.6430,66.8959,67.2932,79.5200,65.9652,43.2120,94.3647,107.8570,31.5208,32.7460,54.5460,108.1979,91.0903,79.0883,81.6148
1980-09,45.9305,66.8612,67.9049,88.2389,63.9953,44.7283,86.5537,106.0162,31.0925,33.8516,46.0525,90.9541,90.9911,74.3157,72.2690
1980-10,46.0418,67.2717,87.8421,82.6479,62.4982,47.4160,85.1624,102.6965,34.8679,34.4036,43.5222,76.4670,90.0497,68.6467,66.6453
1980-11,44.3729,66.8525,92.9684,73.5837,61.5687,45.3034,97.5166,100.9813,35.4091,34.0269,42.8625,66.6943,90.4678,66.2181,64.2926
1980-12,45.5449,66.2157,93.2555,68.1556,64.5137,43.8904,109.3012,100.9844,38.4617,36.9807,51.2916,64.0641,90.3538,66.8065,56.9027
1981-01,44.8477,64.2633,83.9206,63.9318,65.3127,45.7360,108.3782,102.9928,46.1233,35.7155,53.5605,60.7476,85.2043,63.7658,58.1231
1981-02,43.5609,65.8381,78.8002,69.4504,67.8180,44.7601,111.6451,106.1398,44.9051,36.7106,58.0759,76.7227,85.3891,63.4857,71.0419
1981-03,42.5791,67.3730,67.9846,67.5153,69.9370,46.4282,85.4058,107.8951,43.6864,39.0713,60.5047,86.8834,85.4098,63.3687,74.8701
1981-04,41.6407,64.0840,67.9081,66.8729,73.3996,45.6178,92.8591,110.7669,44.3219,40.9904,68.3713,89.3102,86.6037,65.1407,79.3818
1981-05,42.2893,66.8562,72.5286,66.5427,74.2620,44.3757,87.4615,111.6069,44.7577,41.2189,70.5799,93.9896,87.5096,68.1275,86.8803
1981-06,43.7439,68.5960,72.2513,68.0928,73.6795,44.2365,66.3512,109.8534,36.7465,42.2305,69.3062,111.0287,90.0282,72.6176,84.3366
1981-07,43.4720,65.7604,68.9855,69.2384,68.0341,41.8920,61.9699,104.3600,30.9092,36.8772,62.8976,111.1307,89.7779,74.5326,82.0615
1981-08,44.4672,68.0883,71.1740,74.8735,66.0128,44.9407,90.8795,102.0619,33.4512,35.5346,59.8202,106.4541,90.7940,72.8735,82.7303
1981-09,45.6775,70.8876,72.5345,83.0669,64.4390,46.7860,85.5132,101.1321,34.7703,35.9859,52.8888,91.7613,91.7367,68.2944,72.2636
1981-10,46.0731,70.3415,103.2366,78.0726,63.4032,48.4634,87.6715,99.5229,40.9670,35.6742,51.0376,77.1705,90.8547,64.3189,66.2067
1981-11,46.5210,69.1133,101.9380,73.6264,63.5354,47.2373,100.3122,99.7978,42.3286,35.7607,50.9140,71.2567,91.6167,64.5645,63.7394
1981-12,48.4212,66.8962,98.7426,66.5960,67.0825,46.2744,111.9461,101.7729,47.2009,38.4753,58.1335,66.8151,92.1757,65.9421,62.6607
1982-01,47.3363,67.8711,83.7032,63.9792,66.9094,45.9685,101.3633,104.4265,60.4117,36.1235,56.4815,62.2780,86.8649,62.7663,73.1163
1982-02,48.1154,70.2657,81.0889,67.0721,69.4614,45.5912,99.6977,108.4813,60.7031,37.5265,58.6407,77.2827,88.3736,64.6944,77.5682
1982-03,47.3423,67.7669,72.4235,68.2465,72.1840,46.1387,80.3185,111.2366,58.6283,39.9135,61.9090,88.7959,88.6060,65.3740,80.7682
1982-04,47.6256,65.2096,64.1086,66.2260,75.0005,45.3202,86.2099,114.1332,59.0410,40.7162,67.9141,86.5305,89.4759,67.1426,85.5427
1982-05,47.7028,64.3841,66.5909,64.8830,75.6659,44.4514,84.3191,117.0757,63.3083,41.0512,65.4798,93.6493,91.8299,71.4310,92.7209
1982-06,50.6934,68.2902,68.4003,71.0681,76.4217,46.5906,69.4170,117.1264,52.8520,42.1282,67.5760,107.2899,93.6823,75.9432,87.3283
1982-07,50.8069,65.2884,66.4290,73.3135,69.4205,43.1746,71.9135,111.9241,47.8435,37.8474,54.6953,101.4821,93.6022,77.3300,81.4093
1982-08,50.2535,69.4089,67.6733,81.2836,68.0120,46.6349,93.7639,108.9532,45.0079,36.9223,54.9524,98.5257,94.1364,77.8430,84.8259
1982-09,51.2627,69.8582,70.7389,86.9436,68.2483,47.5176,94.2935,107.5061,45.2203,37.2829,57.1997,86.4686,95.4280,74.7462,75.8293
1982-10,51.8430,68.9797,99.3045,83.6052,66.1446,49.7437,96.6507,105.1220,54.5998,36.9738,51.5359,72.3078,93.9977,70.2367,74.6403
1982-11,51.0308,69.5069,100.0089,73.8746,65.9057,47.3447,113.3697,103.7642,50.2130,36.4177,53.8798,66.2398,94.3557,69.0691,66.1388
1982-12,51.7655,67.9906,100.2309,67.1658,66.9729,44.5666,119.5847,104.4245,55.7907,38.5712,52.8471,61.6641,93.0073,70.6828,61.8239
1983-01,51.8920,67.7084,82.8401,69.1433,69.6030,46.9514,102.1466,106.5948,75.2358,36.8282,62.0903,63.7255,87.3588,66.9246,72.8405
1983-02,50.9242,67.1297,75.8963,70.2749,71.7920,44.6350,97.5822,109.7138,68.1751,37.8997,65.4499,74.5953,87.8999,67.3307,76.5647
1983-03,49.7398,67.6865,67.8765,65.8677,74.0133,46.2238,77.6050,110.7842,61.5543,40.3631,69.3611,86.9172,88.5255,68.0521,77.4426
1983-04,48.7209,65.3734,64.1958,66.4197,76.3986,46.1951,83.2464,113.3429,65.0700,40.3979,75.4684,83.7847,88.9417,68.5012,90.2220
1983-05,48.3989,66.4819,65.8018,69.6243,78.6559,46.4367,84.1362,115.3780,61.5259,41.5282,80.4145,94.6367,90.5768,71.5843,86.8858
1983-06,50.3310,69.4150,65.1125,75.1508,80.4012,48.4168,74.6180,115.7225,52.5804,43.4267,84.7801,110.5584,93.4043,76.8361,88.0997
1983-07,49.8767,68.5064,66.4801,76.3139,74.1644,44.9230,73.4794,110.1199,47.3093,38.0666,76.8933,107.8748,93.2317,78.8659,89.8948
1983-08,49.2338,73.3790,69.2927,81.3127,70.7278,47.9335,97.7894,107.0425,41.2922,36.2160,70.6073,105.6151,93.2009,78.9346,83.2839
1983-09,50.0622,74.9076,72.2040,91.8883,69.3286,49.1977,99.1146,106.8587,43.3075,36.7694,63.4372,96.1825,94.2318,75.5180,74.4239
1983-10,49.6561,71.8537,96.2073,78.3240,69.4235,51.6702,99.7018,105.7910,52.9487,37.5972,63.1094,79.3072,93.7927,69.7522,74.4108
1983-11,48.8639,68.5985,92.7805,74.0836,70.6939,48.8730,106.7994,106.0907,51.1742,38.8303,65.9115,70.5733,94.4576,68.6543,64.3011
1983-12,49.8412,68.7655,90.5952,65.9462,72.9172,46.2757,112.6667,106.9054,56.6539,40.3652,70.8218,65.7919,93.8150,69.6703,57.5622
1984-01,51.3246,73.3204,81.7505,66.1418,71.7570,45.4792,103.3729,108.1374,67.9893,37.3788,68.8752,67.2132,88.9531,66.8895,66.6282
1984-02,49.0653,70.7500,75.1963,66.1623,73.0951,45.6450,98.1370,111.2676,61.4292,38.5176,68.3237,85.8885,89.2472,66.4775,72.4026
1984-03,48.0842,70.4185,68.7295,67.9358,75.2314,46.7581,83.8050,113.1672,57.5825,40.8234,70.4652,97.0888,89.7912,67.9496,81.6400
1984-04,47.6839,71.4177,65.9086,70.2676,78.4597,46.4084,86.3351,117.2444,59.2909,42.1535,75.2555,102.1573,91.1846,70.1876,82.4780
1984-05,47.9371,73.3198,67.8299,69.7593,80.8211,47.3803,92.8057,119.5939,56.0664,43.2457,79.5769,108.6909,91.9921,72.9101,84.5872
1984-06,49.7833,73.3404,67.6371,75.5015,79.4911,47.9964,78.3058,118.7935,46.5557,42.9800,76.3943,129.2666,94.3174,79.3887,88.6760
1984-07,48.8415,71.4452,66.9695,78.8162,72.9088,44.9608,74.0570,113.0114,40.5544,38.0632,67.0718,125.5418,94.2510,79.1307,89.9230
1984-08,49.9303,75.2963,70.7315,85.3401,68.9789,47.7714,102.5678,110.0939,37.4126,37.1480,57.4449,116.9936,94.6019,76.4934,79.4901
1984-09,51.4962,75.4397,74.7806,92.9915,67.1237,48.9204,99.9636,109.2331,39.6919,36.9029,51.5705,107.2405,95.7711,74.2514,73.2940
1984-10,52.3131,76.7296,97.6665,94.6367,66.2859,51.9119,103.1400,106.5980,44.2572,37.8862,49.8956,88.5515,95.8060,69.6455,68.5664
1984-11,52.9648,79.0496,100.5774,78.2669,65.4957,48.3821,107.7651,105.6518,43.0388,37.7105,48.2700,80.6465,97.9872,68.7387,61.6823
1984-12,54.2889,77.6494,98.2306,73.3711,68.2282,46.5581,109.4138,106.2110,51.6831,39.0001,55.8381,74.2120,97.5484,69.3282,62.2536
1985-01,54.5100,78.5881,85.0569,70.2187,68.6898,47.9229,101.9536,108.1825,58.7993,38.6541,54.7617,76.4163,91.8631,68.1107,70.3921
1985-02,53.5057,78.0634,75.8580,71.6271,70.8837,47.0983,105.9547,110.5561,59.0217,38.9611,59.7467,86.8852,92.8880,67.1877,75.1731
1985-03,52.5740,77.2896,68.9151,71.4719,72.3725,48.1230,91.3565,112.2132,55.1651,40.3032,61.3280,101.5525,93.8383,70.9224,81.0730
1985-04,53.0353,79.2541,66.3601,68.2494,77.5045,49.3581,92.0456,116.6591,56.0468,43.3955,71.1452,105.1928,94.2037,74.2349,85.1582
1985-05,54.0615,80.7275,67.3397,72.1703,80.3144,49.8946,90.4015,120.0130,53.8798,44.3429,76.5044,114.6719,95.6790,80.5447,85.7393
1985-06,55.9015,82.6431,66.0386,81.7954,80.5321,49.9531,71.9361,119.7283,50.2380,44.3602,78.1248,131.0010,96.2603,83.8688,92.0232
1985-07,55.8551,81.2828,65.4801,78.0593,77.5456,47.7980,82.7295,115.7105,43.3721,42.5903,74.9611,124.9018,96.6245,84.9391,84.2995
1985-08,56.6876,84.0481,69.5890,86.7412,75.5599,50.6338,99.4425,113.2566,43.9177,41.0782,72.6546,117.8107,97.1621,83.6405,81.8075
1985-09,57.7044,85.9548,77.9556,96.0920,72.5321,50.8437,90.2807,111.2940,46.7027,40.2161,63.3763,104.3909,98.3012,79.9345,71.3388
1985-10,58.7322,85.1070,97.7550,85.1946,72.5901,51.7306,103.1807,109.3374,50.9875,41.9300,63.5766,86.4983,97.7916,75.1315,64.6616
1985-11,57.3682,81.6320,98.9870,74.3707,71.8482,47.7575,118.3970,108.5495,49.4066,41.8097,61.8756,74.8971,97.1801,75.3897,62.6720
1985-12,59.5167,81.6408,101.9616,68.8589,73.9519,46.9283,130.5889,108.5481,56.3065,43.3159,67.9952,70.8604,98.0336,76.0979,61.3138
1986-01,58.6235,80.0451,84.7980,72.2781,76.0635,49.2193,118.1530,111.2310,64.2667,42.8523,73.0498,73.9219,92.6026,75.4235,70.2839
1986-02,56.1680,80.9572,81.5309,73.4814,78.4221,48.2081,101.0905,113.5868,63.9664,44.0564,77.3649,89.2277,92.3852,75.1493,77.1875
1986-03,55.5768,78.3322,68.6293,73.7427,80.1303,48.0699,75.7932,115.0240,59.9920,45.8312,79.6211,100.3609,92.9755,76.9336,78.3947
1986-04,54.7517,79.3386,64.1284,72.4841,84.2532,51.7480,73.3063,118.1701,60.6231,47.9958,88.3219,104.6491,93.5279,81.1469,83.7016
1986-05,55.7558,78.7583,66.6297,75.2541,86.4530,50.0277,78.8577,120.6162,55.6134,49.1576,92.0885,113.6755,94.6073,85.4298,85.2190
1986-06,57.1013,83.8174,66.8552,77.8409,84.6030,50.4422,64.8538,119.0020,48.0001,48.5266,88.4331,127.7491,96.9594,87.6845,90.9359
1986-07,56.4515,79.6242,63.9242,80.7324,77.7798,47.9328,69.8808,112.7636,37.7489,45.1386,76.1071,121.7280,97.4159,90.4601,82.5933
1986-08,56.6937,82.1409,69.2829,88.9428,73.7068,50.2926,100.1789,109.8041,35.0984,43.8942,66.3536,119.4737,98.0197,86.7783,82.2791
1986-09,57.3700,80.4689,77.0439,93.4988,71.3712,51.1406,94.0864,107.5009,39.1967,44.3510,59.5170,97.1883,99.3433,80.5758,72.6240
1986-10,56.8263,83.2026,100.9656,86.8730,69.0947,52.5661,95.8033,105.0582,39.7956,43.1416,55.8723,86.6922,97.8950,76.5876,71.9382
1986-11,57.7874,82.5078,104.0265,79.6208,69.1878,50.3957,95.9811,104.7749,41.3351,43.7696,55.5796,77.2178,98.5628,75.9018,69.8605
1986-12,58.7927,81.8000,100.5664,78.8324,73.5554,49.6434,102.0191,105.7817,46.6480,46.5879,66.3990,70.8428,98.1911,76.1446,65.5350
1987-01,57.0448,76.9284,84.6629,71.3378,73.0667,52.9655,99.2741,108.6053,52.3085,44.8712,63.0558,74.1773,92.3010,76.1795,75.4358
1987-02,56.2806,79.8810,82.1386,71.9497,76.3817,51.1564,90.8134,112.4929,50.5768,47.0366,67.3741,94.8264,94.2523,75.8175,84.9729
1987-03,55.5180,80.1680,72.8498,74.3984,78.2146,52.6492,78.6270,114.5194,50.1037,48.8266,68.9838,103.9150,94.0392,76.3493,88.7695
1987-04,54.7930,74.2695,67.3719,73.8897,83.0039,52.4435,84.2096,118.2804,48.8598,51.0073,78.9831,107.1379,96.1674,77.4996,88.3695
1987-05,55.1747,78.4505,67.9679,77.2141,85.9339,51.8681,88.6490,121.0967,48.0001,51.0580,86.3821,117.1566,97.3360,85.2534,91.0447
1987-06,56.0670,81.6666,68.9499,82.3343,84.3567,53.7872,73.3167,119.9554,39.3770,51.3803,82.0515,132.3978,99.0488,88.1267,95.6705
1987-07,55.4235,80.6989,66.2932,84.4414,79.2081,52.2702,70.3673,115.5036,35.3853,48.4053,73.2455,127.7812,99.3320,87.7770,89.8981
1987-08,55.9906,81.5939,72.7252,91.7516,74.6787,55.2026,97.9402,113.0139,33.8471,45.3506,64.1752,124.0430,100.1199,87.2671,89.2158
1987-09,57.8676,82.3590,79.0245,96.7653,73.8557,57.6953,92.8640,112.4042,39.7906,47.2578,58.4410,107.0435,101.0724,82.2042,82.4756
1987-10,57.3043,81.0587,105.8804,90.3265,74.2516,59.8175,105.4481,111.7856,46.7504,47.4997,59.6955,89.6767,100.4263,78.0068,79.2472
1987-11,58.2387,83.3571,108.6866,78.8465,74.2624,57.0434,104.6559,111.9195,49.2518,47.1005,59.8834,84.8920,100.9304,78.5861,71.8586
1987-12,59.4898,82.5380,106.7699,74.0161,80.0059,55.4183,104.4253,114.1010,57.4155,49.4261,74.4375,79.9536,100.9245,82.1221,68.6167
1988-01,58.3787,81.3696,83.3933,70.2938,79.2157,56.8791,109.0031,115.9475,72.7838,46.0715,72.2845,80.1564,94.8239,79.9622,84.1929
1988-02,57.4471,79.1222,82.9553,75.3955,82.7674,55.4469,94.9791,119.4409,72.2384,48.7120,77.3232,98.3369,94.2629,79.5855,86.1633
1988-03,56.9988,78.8911,78.2340,74.4815,85.2320,55.7302,81.9443,121.9967,65.3972,51.1985,80.4746,115.4726,93.5420,80.3233,85.4874
1988-04,56.7849,78.8372,70.3621,72.1954,89.2351,55.9415,77.3770,124.5737,69.7002,50.9960,92.0899,119.7720,93.2209,85.1076,93.9432
1988-05,57.4531,82.9622,71.7888,75.2520,88.8645,55.8793,86.9818,126.1300,65.4753,50.5681,89.7408,130.4813,94.7459,87.3255,94.7953
1988-06,57.4755,84.7734,75.5508,81.1397,88.5084,57.8563,78.1546,124.9998,55.3156,50.9080,90.7774,151.4436,95.6756,93.6350,95.9977
1988-07,58.3616,85.6180,79.0292,83.8500,80.3571,55.4002,77.1135,119.6858,47.3745,46.9542,73.4099,145.9368,95.7418,95.9648,95.6779
1988-08,59.8010,85.7229,85.3995,94.3327,76.3808,57.7770,88.0980,116.1903,42.8045,45.5776,65.4963,141.2221,95.5231,95.0346,87.5691
1988-09,60.5658,83.1543,89.2882,98.3980,76.7166,59.1968,87.2646,116.0254,49.3243,48.1392,62.4047,117.7796,96.3297,85.2783,81.0835
1988-10,60.8475,86.3424,109.5193,89.1656,74.9552,61.8683,100.1612,113.7895,54.6669,48.4533,57.5325,100.4338,95.5960,80.2555,81.8470
1988-11,61.6406,86.8059,107.5796,81.6601,74.7582,57.8265,103.1458,113.2458,54.0208,48.9116,56.9298,88.0671,96.4180,81.3814,71.9287
1988-12,65.7292,85.7964,106.6763,75.5537,79.4417,55.8415,118.4667,114.6813,60.3011,50.2000,69.6444,83.3667,96.1795,82.6244,66.9388
1989-01,62.5246,82.3045,89.6920,75.1736,82.1514,55.9442,110.9671,116.6836,71.5988,48.4104,78.1347,87.9000,90.0667,76.8413,81.4630
1989-02,61.4831,81.8092,89.1694,74.2280,83.8816,56.4439,97.1736,119.1610,71.9742,48.6500,81.0026,104.6817,89.2700,76.3739,85.6570
1989-03,61.6500,81.6678,81.3915,76.1228,84.4000,55.7201,79.1130,119.5995,67.3228,51.1308,79.4271,115.7957,89.6005,78.0546,86.7101
1989-04,61.3778,84.3785,77.3090,76.1278,85.9073,58.2858,73.8978,121.3815,66.9068,50.2955,83.8885,121.5567,89.7305,81.5792,95.0285
1989-05,61.6539,85.1637,76.5912,78.9471,84.5782,57.9036,81.2317,120.3803,56.5446,51.7222,79.6080,126.4874,91.2773,84.8788,91.2425
1989-06,62.5847,86.9306,78.8907,86.7502,80.0825,59.9467,74.7220,115.8664,45.2362,51.5222,70.6781,140.8963,94.0012,90.2694,97.4686
1989-07,61.4350,82.6812,78.1569,84.8569,71.4004,56.3422,67.8170,110.0009,34.0018,47.2272,54.5329,135.4611,93.3632,91.9307,97.0575
1989-08,62.1558,86.9022,84.0984,97.7051,69.5460,60.5757,80.6380,108.1642,35.0169,46.6826,50.8556,128.6659,93.9473,88.8082,94.6581
1989-09,62.6252,85.8606,87.9659,102.7902,68.0292,60.7468,89.9039,106.5377,37.3431,47.4387,46.2161,110.8319,94.5122,83.8580,83.7222
1989-10,64.6082,88.2033,104.5076,95.4247,68.1946,62.6483,96.9546,105.5420,42.8760,47.3494,47.4159,97.7249,95.2378,80.2616,83.4582
1989-11,65.3873,89.4041,107.3440,84.0993,69.1263,60.6854,98.5718,105.9342,42.1336,47.6152,49.8800,91.0180,96.5957,80.2288,78.3911
1989-12,65.6962,90.5348,109.6721,79.5688,72.8572,58.5579,109.6959,106.8755,49.0350,49.8030,57.9891,86.2821,95.6569,79.6010,73.2583
1990-01,65.5715,85.4561,87.0270,79.5167,76.7100,58.3844,112.2708,109.9755,56.1199,49.8830,66.7291,82.7891,90.5377,75.1034,84.6988
1990-02,63.6538,87.0228,88.0922,80.7860,78.0187,58.4960,104.7527,113.2086,58.1349,51.0190,65.8248,104.1081,90.9672,74.8028,92.5323
1990-03,64.6807,85.8776,82.5562,79.6503,79.0850,58.7075,86.0879,115.3928,52.3127,53.6593,64.2738,117.6661,91.3409,76.6489,95.2662
1990-04,63.3306,84.9099,76.9706,75.8737,82.0161,58.7708,84.8908,116.6926,54.8487,54.3680,71.6159,122.3472,92.7448,78.8963,99.1359
1990-05,64.4796,85.3939,77.2023,77.8556,82.4129,59.1258,90.8633,116.9785,50.4034,54.9187,72.4324,126.9464,92.9367,84.2221,97.9954
1990-06,66.0347,91.7625,80.7726,82.0919,81.4509,60.6679,86.2149,114.8280,43.9093,54.8088,72.4994,141.7437,94.8813,87.8739,103.8310
1990-07,65.3641,91.0316,84.4701,86.1260,75.6101,57.7573,76.0445,110.2980,37.7073,51.2748,62.7618,144.0977,93.3127,91.2205,100.0484
1990-08,65.8384,91.9530,89.1260,101.0334,72.2931,61.3390,96.8303,107.5160,36.1084,50.9066,55.3308,129.4984,94.8305,88.6720,99.9348
1990-09,67.4575,92.2575,94.6399,106.1923,70.0016,60.8755,100.3376,105.4268,39.7788,50.6432,49.9250,114.7849,95.4467,85.7532,94.2319
1990-10,67.5699,93.2366,108.4132,101.5028,71.6535,63.0310,99.1492,104.9077,45.7685,52.9506,52.7893,98.6782,95.9619,82.3411,87.6177
1990-11,69.2136,94.6121,116.0155,90.4346,74.9815,60.4650,105.6095,105.6180,46.7615,54.1043,61.8583,88.2084,96.8997,82.5956,84.7584
1990-12,69.2888,92.3209,117.0681,82.0067,77.4772,57.2590,127.1768,106.5720,54.9948,55.6896,66.6256,86.0144,96.1777,83.3852,78.2600
1991-01,69.3114,88.5200,93.5620,78.9847,77.7820,59.8901,118.4927,108.0103,61.6417,54.0717,67.6337,85.5438,90.1734,79.7731,85.6630
1991-02,67.1173,89.2430,96.9483,79.7401,79.9601,59.4401,105.6810,110.9481,61.3092,54.9628,70.6299,105.1973,90.5838,77.8797,90.7070
1991-03,67.1145,87.5653,91.1800,80.2270,81.4294,58.0540,84.8897,111.5912,57.4455,57.5643,71.7264,118.4905,90.3087,80.5537,91.1988
1991-04,65.7363,87.2028,83.5360,81.1075,84.0203,60.9436,84.5744,112.9533,58.2469,58.1291,78.3391,123.4273,89.4631,83.2131,94.4576
1991-05,65.2470,90.3256,82.5493,84.8786,83.7410,59.1369,87.6670,112.1412,51.1994,58.1897,78.6592,128.3364,92.0767,87.8461,99.6067
1991-06,65.3393,93.6711,89.3206,87.6100,79.1267,61.4881,83.2975,108.4440,41.1169,57.5057,68.3501,157.9838,93.6780,92.7844,112.4621
1991-07,63.1841,88.4897,87.1530,93.5960,73.8696,58.5311,73.0935,103.5760,34.5188,54.3941,60.3765,141.1198,92.5064,94.0166,105.3440
1991-08,64.3259,92.5226,95.5916,104.5235,71.5670,62.8369,91.5051,102.0173,33.0294,54.0207,54.7287,136.1025,94.4862,91.9114,101.1637
1991-09,65.5946,92.9555,96.8362,115.0425,69.2991,63.3428,90.8631,100.3541,34.4272,53.9253,48.7589,121.3664,95.7549,88.4804,93.7087
1991-10,65.7534,92.4033,108.1982,111.7632,71.0287,65.9998,92.2993,100.1393,38.8824,55.3431,52.7374,104.0896,95.6689,84.4610,89.6111
1991-11,66.7525,94.2831,112.8078,92.4637,71.0108,62.2008,100.2909,99.7201,39.8296,54.6364,54.0949,92.1660,96.2585,83.1509,82.9018
1991-12,66.7245,92.5923,109.0628,87.0865,77.3411,60.4678,112.3159,101.3506,49.4229,55.2336,72.8297,89.2770,95.3083,82.2200,77.4033
1992-01,64.8913,89.3730,91.0546,82.3896,77.5431,64.0407,103.6231,103.5507,55.1250,53.4042,73.2269,90.5035,89.6418,78.7779,85.7768
1992-02,62.7877,87.6881,89.7158,81.8623,78.2282,62.4493,89.9698,105.0950,52.6791,54.1316,72.9819,110.7518,91.1994,79.2721,98.5813
1992-03,62.4193,87.9742,82.8220,80.5539,79.1180,63.8184,74.6019,106.1058,48.3960,54.3590,74.8805,131.8745,91.4119,79.9833,104.1784
1992-04,62.8906,87.5757,80.2673,81.9599,80.3711,62.5297,72.0314,106.6213,43.9644,55.2096,77.7623,135.6352,93.0224,82.3028,104.2401
1992-05,62.2321,89.9379,78.1896,85.0227,80.5610,64.5392,71.1911,107.1885,42.6553,54.0235,79.4823,143.2378,94.2858,88.0932,112.0530
1992-06,62.7131,90.9907,80.8516,89.5607,81.3144,66.7822,75.1662,106.5156,36.0249,55.1715,81.7657,158.7833,96.1175,89.4802,110.1703
1992-07,63.5548,87.4172,80.2186,93.9012,75.8726,64.6005,73.2096,102.8841,32.6116,52.3952,71.0776,147.5232,95.6622,90.3335,102.3667
1992-08,63.1903,92.0700,83.6887,107.3966,71.8349,68.1300,81.5489,100.3677,30.5187,51.5349,61.2822,144.3865,97.4116,87.5944,104.0679
1992-09,65.1894,92.7991,90.5756,114.1034,71.0375,68.8871,81.2915,99.5886,33.1772,52.7998,57.4759,127.4568,98.4569,84.5810,90.7621
1992-10,65.1019,94.8650,103.4708,101.5767,72.6789,69.9552,93.8694,99.3335,34.1420,54.1587,61.5185,109.8601,99.1437,79.8554,91.1910
1992-11,66.5059,92.0353,106.2513,92.3032,72.8911,66.2034,91.0722,99.3699,35.1913,55.1780,60.7285,99.6417,99.9529,79.2796,86.2760
1992-12,68.3466,89.6207,105.6659,87.5578,78.5426,64.6141,110.2839,101.0600,39.4905,56.0866,76.7521,93.2648,98.6603,80.0006,78.2743
1993-01,67.6868,87.8468,91.4171,82.1935,77.6360,67.2870,101.0044,102.2421,51.7830,51.1058,78.0122,95.6693,93.4520,77.5470,88.7549
1993-02,66.3132,91.3078,89.0180,82.6853,79.9314,65.4356,100.7452,104.4103,47.9074,54.2272,79.5605,123.8315,94.2783,77.3912,96.8821
1993-03,66.8865,92.1537,82.5404,83.9597,79.8479,64.9791,73.4324,105.4380,43.7436,56.3652,75.5592,134.0441,94.2413,77.0922,93.7053
1993-04,65.2307,90.8319,78.0240,83.1698,83.3186,66.2334,80.3665,107.5542,42.3210,58.3866,82.5218,141.2129,95.3153,81.8640,97.2883
1993-05,63.3682,91.0899,77.0246,84.6143,84.7589,66.3139,84.4379,108.8650,41.4240,58.3054,86.2163,151.0482,96.0677,86.2283,107.2247
1993-06,64.5785,93.6958,82.5868,90.8673,83.2583,70.4166,77.3915,107.7142,35.7461,58.9573,81.9933,165.6184,97.4619,88.9576,106.0410
1993-07,62.1729,92.4943,83.3743,93.3887,77.2317,65.4029,81.3490,103.6137,29.5552,54.4972,72.5398,159.9184,96.7002,93.1986,100.3697
1993-08,63.0715,96.5135,90.0900,111.3766,71.7870,69.1365,79.9265,100.3815,28.2764,53.1395,59.3903,152.7183,98.7756,92.3176,102.4353
1993-09,65.0097,94.7255,94.6241,115.5827,70.3346,69.0634,84.6884,99.2733,30.2651,55.2192,52.6264,128.7128,99.5563,87.5555,89.5261
1993-10,65.2119,97.1972,108.7299,105.8862,70.7654,70.1525,96.8072,98.4218,34.9955,56.0114,53.5616,109.9248,100.2312,83.7910,90.0892
1993-11,64.4223,97.5973,108.7017,94.6573,69.7968,66.3586,92.4219,98.1434,34.0676,55.4298,51.4223,96.6280,102.0436,83.3730,83.3099
1993-12,66.3467,96.5625,106.9258,86.3638,75.5868,64.3858,113.6930,99.4800,40.3557,55.0805,69.7157,90.8064,101.5122,83.6648,78.2335
1994-01,63.9937,90.6644,91.7330,82.0711,74.9358,66.2850,97.7414,101.4218,48.2360,52.5829,67.8913,99.8061,94.5867,79.9145,91.5126
1994-02,61.9917,94.8934,87.7365,81.4558,76.1392,65.2067,93.3446,103.0290,45.0315,54.3423,68.1566,120.1003,95.4287,82.1736,88.5507
1994-03,61.1451,96.5029,85.7617,86.1436,79.1254,65.4153,70.2243,105.2493,39.4605,56.9688,72.9033,134.6919,97.5267,86.2866,96.7512
1994-04,58.8097,91.3835,77.7865,87.2504,81.6403,66.1104,72.3584,107.8782,42.4349,54.8219,81.0737,141.7220,97.3780,89.8452,103.9298
1994-05,58.6127,91.7773,75.7714,90.7882,83.3274,65.5473,75.5761,109.0948,41.1048,56.2407,83.7302,145.2642,98.2101,94.2167,112.0636
1994-06,60.5715,94.0971,81.6771,96.0796,79.4189,69.0186,70.9829,107.4419,34.5231,54.8360,74.5916,159.7451,98.7478,98.7360,110.9557
1994-07,61.5417,93.5336,83.9942,95.2206,73.7738,65.4404,78.3698,103.5408,29.9434,52.2325,63.4603,156.3540,97.6915,100.1353,111.1325
1994-08,62.4455,98.3242,89.6785,110.3189,72.1807,69.2513,77.9327,102.1820,29.5466,53.4171,58.0406,144.0011,100.0304,96.5087,102.7573
1994-09,65.0021,98.3178,95.5768,115.8973,72.0505,70.3525,73.8567,101.8092,31.9077,55.6375,54.9129,121.6991,101.6363,92.2165,90.1494
1994-10,66.0953,97.6051,107.1678,104.1948,72.4277,73.5701,77.6485,101.6720,36.4993,54.9522,56.9109,110.2729,102.2563,90.1403,92.2743
1994-11,66.4485,100.6991,107.2676,96.2641,73.0125,69.1959,75.3634,101.9505,35.4814,55.5975,57.8551,102.3903,103.9079,89.7345,86.4821
1994-12,69.5115,101.5774,108.8305,88.5630,76.6683,68.6187,81.3318,103.2122,42.1012,55.9248,68.3273,94.4188,104.1486,91.8824,78.1115
1995-01,69.4874,99.5170,93.7837,86.4921,77.9781,68.7408,86.1103,105.7514,48.3266,54.6838,71.0429,105.2690,97.9031,85.6044,93.7045
1995-02,68.1300,102.5200,86.3938,86.4667,78.9721,68.7586,83.5404,108.2439,47.4684,57.0474,68.3299,122.9616,97.6993,85.7515,87.4234
1995-03,67.8837,101.9212,83.7547,85.2880,82.0611,70.4872,60.5862,110.0187,43.9101,59.0479,74.9137,139.2933,98.5221,88.1661,95.7972
1995-04,66.9392,92.8685,82.0746,86.0770,83.9394,69.7353,62.8230,111.3692,46.4439,57.5963,81.9350,150.5011,98.5244,91.4087,103.8655
1995-05,67.4215,94.0576,81.4918,94.0440,85.1592,71.0753,64.5790,112.1690,41.6200,59.4364,83.2609,149.1536,99.6857,93.8744,103.3897
1995-06,67.6704,99.9085,85.5796,91.5262,83.7899,75.2492,63.3960,111.1510,35.8620,59.9197,79.3058,174.9853,101.6650,97.4321,107.0907
1995-07,67.5694,96.3490,85.5314,98.7297,77.1699,68.9660,65.4322,106.3023,31.7739,55.7070,67.2364,173.5367,102.1635,101.1074,109.2448
1995-08,67.3892,98.6235,89.0621,114.2814,73.2458,71.6840,73.6741,103.2698,26.7641,55.0949,57.7837,165.2306,103.2408,100.9904,103.5307
1995-09,67.5259,103.5212,93.3653,116.1912,73.3437,73.0554,65.2797,103.0666,30.1876,58.8479,52.5921,138.3655,104.5778,96.7930,92.1511
1995-10,68.1955,99.7691,104.8774,105.9619,73.6264,74.0955,78.0407,102.1619,34.5860,58.3185,55.1534,127.4047,103.4367,92.5885,90.7528
1995-11,67.4041,98.5136,107.8928,93.4630,73.7772,71.2885,78.5051,101.7319,33.8839,59.3074,54.9677,108.4178,104.4744,90.7542,83.5938
1995-12,65.6890,92.1289,112.2929,88.4433,78.4407,69.0767,90.0778,102.4003,43.2390,60.0919,69.6022,96.0767,103.3859,90.4884,78.7637
1996-01,63.9289,84.8315,90.7618,87.1403,77.6424,69.5686,81.6803,103.8143,47.6180,56.8773,68.7022,109.1208,96.0115,85.3848,90.4103
1996-02,63.5236,86.2702,91.9497,84.3957,78.6720,70.4337,87.3365,104.8662,45.1467,58.9355,68.6143,129.8431,96.5866,89.7112,92.4774
1996-03,62.1267,88.3153,89.6554,83.8160,80.0729,68.8702,65.0143,106.1998,43.4530,59.4499,71.6496,145.8974,97.1271,93.9565,104.5545
1996-04,61.5912,87.7212,82.5860,86.2772,82.3430,69.1168,73.5249,106.5512,41.9665,59.1579,80.4558,152.4661,96.4805,96.7578,105.7889
1996-05,60.6708,86.1375,84.5374,88.7311,81.0513,67.9994,75.9304,105.0650,37.6128,59.8272,77.2449,157.5116,98.0325,102.9541,106.4280
1996-06,61.8553,87.9741,87.4498,93.5086,76.8008,69.6688,72.9914,101.8438,30.5268,57.6575,69.4144,184.7316,99.4837,105.3256,117.8586
1996-07,62.2031,87.4406,85.5891,98.2852,71.3958,65.2275,75.6754,97.5948,28.8585,54.4253,59.3366,169.9428,98.0632,108.0206,106.6527
1996-08,61.4816,87.0771,94.1265,109.4597,68.6427,69.0447,81.3503,95.3678,29.2088,55.1115,51.0291,153.3897,99.3783,102.9064,99.9660
1996-09,63.8162,91.0171,99.9366,116.8192,68.5548,67.7835,75.7957,94.7393,34.9810,56.5654,48.8967,136.6672,100.3598,99.7235,96.3075
1996-10,65.9349,90.5074,109.9041,107.2697,70.5510,70.9441,88.6282,94.4090,39.2866,57.5261,54.9324,113.5511,100.7186,94.0219,93.0934
1996-11,66.4920,90.3595,116.5219,96.6053,72.8042,67.3345,95.2049,93.7666,42.0642,58.0704,62.9795,97.7301,103.5914,93.1849,88.9744
1996-12,68.1710,91.3547,118.5217,90.6216,76.9414,66.0805,97.1721,94.4180,49.0067,59.1880,74.8734,94.7288,103.0473,96.9459,80.5554
1997-01,67.9602,89.3283,96.3060,84.1743,76.1694,70.1369,90.7577,95.1233,54.8695,57.0915,73.3207,103.8974,95.4578,92.0718,90.1557
1997-02,68.0701,88.5417,95.4509,82.9099,78.9128,71.0954,88.9588,96.7564,53.8641,61.3640,75.6771,127.5293,97.6324,92.2797,96.3908
1997-03,68.0325,91.6556,92.7503,81.3315,81.2897,70.6176,65.1743,97.9853,49.4851,61.6569,82.6274,138.4987,99.0017,97.4796,101.5875
1997-04,68.6715,90.1821,85.4505,81.2610,83.2594,73.1893,73.0939,98.6082,54.8090,60.1545,90.1126,137.9532,98.0384,99.0759,104.9115
1997-05,69.4752,90.6532,84.7746,85.1755,84.5085,72.5406,75.7036,98.5608,46.7970,62.8258,91.9086,142.1147,101.1132,103.4082,107.7464
1997-06,70.7074,91.9834,88.4368,92.2730,83.2966,75.2629,66.1268,97.7226,39.7193,63.3998,88.6798,158.8859,101.8265,104.2382,114.8682
1997-07,70.1453,93.2149,85.6063,102.7273,78.6632,72.0894,69.2709,94.0637,35.3771,60.6991,80.8557,146.7862,101.9866,107.4767,106.3376
1997-08,72.7481,94.7085,95.7685,125.0194,74.1394,76.5689,73.0436,92.2546,31.9013,59.2022,69.6745,137.9639,103.5347,103.9559,105.5705
1997-09,75.3747,95.3992,100.1960,123.3934,73.7020,75.3195,64.3471,90.8516,35.3467,62.1455,65.6258,116.8550,104.6134,98.3296,91.6333
1997-10,76.1829,97.2894,112.8112,102.6025,72.9389,79.1378,72.0920,90.8773,34.8372,61.3888,63.9608,105.8230,105.1827,95.4759,89.8215
1997-11,76.6675,97.7632,117.7458,95.9329,73.7262,75.5138,77.5489,90.8688,40.3697,61.3537,66.1362,94.8097,107.6122,92.7498,90.2974
1997-12,79.2770,99.3870,118.5090,92.3749,78.5687,73.1788,86.8796,92.6241,42.0493,62.7277,78.9919,83.8172,108.1429,95.0333,79.3447
1998-01,77.9795,95.7882,104.3528,87.5994,80.0038,77.2162,78.9656,95.0819,48.4458,61.6479,81.9568,96.8906,101.8218,91.7731,90.5121
1998-02,77.1142,96.1968,102.0962,87.0096,81.3907,77.5786,83.0996,96.9506,47.2043,63.4501,82.2787,118.6286,102.6456,93.4822,95.4988
1998-03,76.8559,99.4826,96.5394,86.1207,81.9474,76.2120,62.1678,98.6343,43.3372,64.4483,81.3059,129.7973,103.2563,96.3531,99.9526
1998-04,75.1736,97.1259,92.4782,85.0369,85.2522,76.4879,66.6706,100.5799,42.3509,65.4545,89.5343,134.8164,102.3088,98.0197,102.2229
1998-05,76.2310,97.3275,93.2950,91.7547,84.6828,75.5503,73.8560,101.0876,36.9679,64.5199,88.9139,141.0219,105.6161,105.8234,111.4202
1998-06,76.7094,97.2807,96.5298,97.3228,82.2766,76.1986,63.6409,99.0711,27.7087,65.3926,82.3565,149.7690,106.7457,109.7746,115.1677
1998-07,76.7427,101.0312,94.9230,105.9336,75.0151,73.4561,67.1793,94.8385,24.1872,59.9167,69.5432,139.7473,106.7503,108.5200,102.8661
1998-08,76.4207,98.6735,102.4578,125.4377,72.6150,77.2293,75.1757,92.8593,25.9113,58.5510,64.9233,130.3342,108.3130,106.4274,101.9833
1998-09,78.6820,99.8075,105.2817,129.3586,69.7463,76.1728,70.4518,91.5156,26.8634,58.9779,55.2342,115.1136,106.5199,106.7133,93.6735
1998-10,80.5360,103.9184,115.4971,108.4592,73.2725,80.0110,84.2553,91.7728,34.9521,61.6140,62.9973,96.9114,107.3932,100.4257,89.0783
1998-11,79.0273,105.9122,119.2547,100.5184,74.2914,76.8542,85.9042,91.8773,38.6016,63.8159,62.9599,82.5265,109.4129,98.7145,86.5435
1998-12,78.4686,100.2837,118.3607,98.8160,78.7440,74.8453,90.4857,93.4956,41.8029,64.2715,76.4200,78.9363,111.1340,100.4089,75.2724
1999-01,77.6366,98.5199,102.1870,91.5832,79.0190,79.4716,80.6996,94.7217,49.6615,60.9749,79.8552,86.6679,103.6788,95.7668,90.6929
1999-02,76.9679,99.5220,99.8498,88.7776,80.7174,77.8451,91.5730,96.3345,49.9683,62.5793,81.8041,100.9397,104.2925,97.2310,93.4691
1999-03,76.2397,98.6661,93.2465,88.2983,82.3339,78.0169,67.5422,97.8591,46.6800,66.4587,80.6946,106.7338,104.4363,99.5929,94.0356
1999-04,74.3061,103.6374,92.5315,89.1007,82.9793,78.2946,70.7724,98.2293,44.4893,64.9168,85.0652,113.0035,105.6041,102.2743,93.2189
1999-05,75.9960,104.2345,93.9000,89.5083,82.0827,77.7821,75.0797,98.2792,44.1602,62.7080,84.8093,116.6180,109.1287,105.6698,100.2994
1999-06,78.2370,101.9960,94.3407,91.8475,79.2753,80.6736,76.0294,95.4608,37.1922,63.8406,77.1621,129.2262,109.1656,107.9327,98.7552
1999-07,73.5129,102.6784,93.8920,103.0866,72.3496,76.4605,68.4722,90.9569,32.4111,59.3110,63.9299,122.4859,109.7918,107.0154,91.6247
1999-08,75.3451,103.3656,97.9818,118.9135,71.5936,79.7648,75.1415,90.4620,30.3848,58.8502,62.5909,119.9996,111.2277,105.4717,90.5457
1999-09,73.8730,104.8917,101.5917,124.9591,71.8078,79.6433,69.9119,90.9143,35.1541,59.5748,61.3385,103.8433,109.5187,100.4295,83.3996
1999-10,75.4467,106.6449,114.6592,114.9820,73.3215,83.0826,84.7287,91.3843,40.0435,59.9433,65.4374,92.4126,111.6013,94.6989,84.2431
1999-11,76.2642,104.6729,114.7603,105.8472,75.4954,78.6594,81.6279,92.9205,38.7761,62.9570,67.4756,84.5964,111.6092,94.3400,75.7665
1999-12,79.8395,104.3117,117.2012,101.3043,77.8737,75.0398,91.9515,95.2302,41.6777,61.8829,74.5593,79.7757,113.1532,96.4083,70.7439
2000-01,75.3238,96.0499,107.2412,95.7933,79.8803,79.1340,74.0321,98.4365,50.6168,60.3509,79.0655,93.6513,107.8154,92.4770,83.1428
2000-02,73.4761,98.5263,104.2867,92.6328,81.8202,80.8608,81.0400,100.8438,46.4415,60.1885,83.8127,111.6609,107.1412,92.8482,81.7632
2000-03,71.5132,99.7310,99.2395,91.9609,82.8513,80.1260,66.1407,102.9339,39.4917,61.3428,83.9758,125.4906,104.9052,97.9354,84.6165
2000-04,70.5222,96.5766,100.9747,92.0279,84.7683,78.0040,63.8840,104.0982,39.8930,61.0811,89.9984,137.0021,108.2692,98.8025,92.6340
2000-05,73.4922,96.0181,94.6764,94.2790,83.4633,78.9966,63.0902,103.8141,34.4575,61.9077,84.8127,136.0748,108.4131,102.6332,90.6170
2000-06,76.1199,97.8843,99.4506,98.5250,81.9004,82.4946,59.6464,101.7534,28.8578,60.8193,83.8116,150.6469,110.1988,104.0413,92.9710
2000-07,75.1845,103.7359,97.4160,108.2726,77.7515,78.0021,60.2567,99.1725,27.9891,58.0585,75.5513,145.9445,110.6955,101.4122,91.1023
2000-08,74.8081,104.7884,102.6643,120.9759,74.9728,82.1722,68.0093,96.7817,25.8188,57.3009,69.5045,132.2920,110.7567,101.5639,85.6730
2000-09,77.6566,108.5503,109.4108,122.6237,72.7616,81.0085,59.5984,95.7067,29.9488,56.5921,62.9855,117.5882,109.5255,98.1771,81.7312
2000-10,78.0046,106.6568,119.1345,109.7090,74.9598,84.4707,71.8089,95.6303,34.5987,57.5988,69.5763,114.1247,111.8930,93.4394,80.7593
2000-11,78.1518,107.5928,118.1074,100.1988,75.4071,81.2560,75.5201,94.6431,34.7986,58.3935,71.5456,92.9455,112.4231,97.0767,74.5128
2000-12,79.5967,105.2802,120.7835,97.2388,77.9304,76.9517,73.0879,95.1261,40.6199,58.0275,80.4963,88.8080,111.5232,96.0434,70.0070
2001-01,80.0630,102.2276,106.7419,93.7100,77.9010,78.6712,69.1249,96.3752,43.8416,58.3817,77.6127,101.7034,104.9393,95.5929,78.4926
2001-02,78.8514,98.0360,106.1442,91.6940,80.6335,78.4375,71.7457,97.5640,44.5996,59.4089,85.1294,116.3419,105.6096,92.2740,84.4306
2001-03,77.4816,101.0503,103.2805,92.9920,79.9175,78.6952,54.4090,98.0362,40.6940,61.4131,79.2711,123.0619,106.5750,95.0465,84.6287
2001-04,77.8799,99.2692,99.8862,91.4153,81.9724,78.7595,56.3869,98.7656,43.2432,60.0782,87.9469,134.7958,107.0423,98.7450,87.8868
2001-05,77.3222,101.5958,98.3535,97.8677,82.7825,80.7291,58.9683,99.1512,41.2406,61.2283,89.3007,132.3800,108.6764,102.4501,89.8207
2001-06,79.5021,99.7598,100.4432,103.8840,81.3727,83.0371,57.3559,97.4418,34.8077,60.8748,87.7391,148.8544,110.3715,105.5711,93.6623
2001-07,78.6900,101.2093,98.8376,110.3784,76.2107,78.6705,52.3867,93.5144,32.7330,58.8651,76.0249,141.8870,110.0277,105.7428,90.5454
2001-08,80.0052,103.6327,104.2248,123.1023,72.2275,83.4068,58.9398,91.5122,29.0751,57.8762,64.9487,135.1638,110.6060,104.9598,86.1354
2001-09,82.9440,102.1652,107.5635,123.4797,72.7654,83.1027,51.5830,91.8965,37.3274,58.0729,65.0195,128.9902,111.2838,98.7452,83.5383
2001-10,83.8319,104.3147,109.3151,115.3839,74.7416,86.8952,60.8285,92.5069,42.7420,60.0258,68.4839,115.4467,111.9219,96.1568,73.3650
2001-11,85.6631,103.8686,112.0996,107.2131,76.6157,82.1177,61.9982,93.9701,40.6301,63.2200,69.5794,105.3976,111.6990,97.1560,75.2460
2001-12,86.1962,107.1356,112.9027,104.2169,79.2926,81.7201,64.2451,96.1715,51.0890,62.5072,76.4681,104.9098,111.1302,94.7120,73.8188
2002-01,81.3435,101.4462,102.3681,100.4570,80.2718,83.3575,59.3283,99.1097,54.8521,62.7098,75.2555,121.3209,103.9908,92.6613,81.0693
2002-02,78.2856,99.8980,99.7289,97.5563,83.6319,83.2102,59.4178,102.2835,55.3773,65.1115,80.3443,144.1156,102.6037,90.5788,84.6745
2002-03,78.1954,100.2960,96.0417,99.1973,85.4242,82.5036,60.2108,104.6012,53.4399,65.1853,84.0658,155.6819,104.5966,91.7574,88.9404
2002-04,79.7344,97.4894,91.1519,99.6064,87.5802,85.1545,58.9616,106.8340,54.1862,65.4068,88.7717,169.7411,105.0918,91.6550,86.2066
2002-05,80.3834,96.7813,88.6766,100.2820,87.3550,84.8140,60.4062,107.9214,49.9630,66.2992,85.6471,165.7226,106.6802,94.8411,89.7453
2002-06,81.4216,100.3134,97.7040,103.8692,85.2539,88.6500,61.0482,106.2922,42.8372,64.5816,83.0172,189.4490,108.1579,97.5152,98.2774
2002-07,84.4472,99.7854,96.1288,105.0634,79.1197,84.1846,61.0152,102.8962,38.5345,61.1454,69.7364,173.7950,105.7148,101.7989,88.8234
2002-08,87.2613,95.9408,102.3437,121.2254,78.5198,88.3820,60.1729,103.0407,37.7025,63.4187,64.3365,163.7692,108.0767,101.0461,91.0531
2002-09,88.0739,97.1234,104.0572,121.4557,76.6975,86.7149,60.3141,102.0980,42.8149,63.5829,58.1055,151.1102,109.3866,90.7169,90.3811
2002-10,89.0238,100.1820,108.0309,112.0502,77.9679,90.4395,60.9534,102.4991,44.5257,64.8943,60.3818,137.2102,109.6560,90.3973,83.1429
2002-11,91.1273,97.0318,111.9922,105.0532,78.7772,84.8903,62.6467,103.4364,49.0794,66.7565,59.1954,114.9387,108.1258,85.8882,80.2309
2002-12,96.2758,99.1255,108.1745,98.5508,82.9457,82.1572,63.2937,106.1468,60.3166,66.1987,70.6785,105.9717,108.9074,86.9147,77.6583
2003-01,94.5402,96.1040,98.4704,93.3279,83.7708,84.3375,58.7854,109.2142,65.7566,63.5377,72.5213,125.6702,99.3093,87.0092,86.3017
2003-02,94.6161,98.6766,96.8665,91.6983,86.1552,83.4549,59.6275,111.7338,68.6112,63.9173,77.1706,142.8689,99.7576,88.7057,93.3526
2003-03,94.5971,101.2633,96.9060,93.1800,87.8312,83.9488,61.0491,113.1637,64.2499,64.9626,80.5122,145.1467,100.2051,92.3553,98.4724
2003-04,94.1436,99.3159,91.6250,92.4922,89.8844,84.6263,62.2869,113.9804,61.7092,65.9059,86.0648,151.9103,99.6626,93.0971,100.5744
2003-05,94.5110,97.6934,93.7626,93.7542,89.0609,85.5816,62.1720,113.1580,56.7235,65.0766,85.7003,147.8303,101.4446,96.1117,104.7523
2003-06,96.8152,98.6690,97.2838,97.8198,86.0282,90.2305,63.6119,111.6324,44.1014,64.8668,78.0155,163.3888,104.2764,101.3433,110.1873
2003-07,98.8418,100.0454,89.5920,105.3428,81.8401,85.3238,61.6897,107.2673,38.1356,63.0747,71.3353,146.5850,101.0880,102.9638,103.4546
2003-08,96.8808,98.6255,98.5357,127.1708,77.5282,87.8803,61.8526,105.1906,35.2276,61.2574,60.7303,141.5927,103.8278,103.2337,107.1611
2003-09,97.1421,100.7311,101.6998,130.1811,77.4493,86.8997,62.9139,104.0695,34.7085,63.5829,58.9631,127.1401,104.5810,99.3215,94.9524
2003-10,97.4918,104.7098,108.9584,112.7650,78.4871,88.0547,63.6799,103.4660,42.6420,63.9457,62.3205,116.2079,104.2742,95.1536,92.8688
2003-11,94.4421,105.1635,115.5455,98.4602,79.3192,82.0722,64.3606,103.1506,41.7813,63.4699,66.6476,107.0190,107.3993,95.2212,91.8499
2003-12,94.6222,105.9557,112.0587,95.6752,83.3890,80.2977,63.2196,104.5580,46.9081,64.9425,77.5164,93.8187,108.3890,94.6342,79.8787
2004-01,93.7642,102.2850,101.0508,90.9169,81.9356,81.6148,63.6396,105.6328,51.9168,63.2272,72.1910,104.4377,101.6412,94.3044,89.4671
2004-02,89.9604,102.1528,102.3264,88.4080,82.0063,81.0769,64.0756,106.1869,46.7195,64.1230,71.1434,126.4100,100.7212,93.3249,95.9393
2004-03,84.6846,101.1035,90.3585,88.7283,82.5216,82.9140,62.3415,107.2614,36.6398,66.8387,69.2323,140.8751,103.9784,95.2912,95.2330
2004-04,84.3887,97.7504,88.8856,88.6734,85.3380,82.4061,61.7020,108.5926,36.8621,66.6750,78.3775,149.0934,105.3147,102.4342,98.9948
2004-05,85.8437,99.4837,95.5204,93.7486,85.7764,83.5002,62.7309,108.2300,40.1115,63.8181,84.0968,150.9118,108.7492,104.6058,105.3117
2004-06,86.7248,98.5677,92.5021,97.6566,84.2771,86.4811,61.4816,105.8759,34.5279,62.7567,83.9112,169.5490,110.0775,112.8120,102.9776
2004-07,85.5399,97.3141,92.3843,114.7589,80.3000,82.8123,59.8184,103.0301,31.0647,60.3122,76.4925,157.7424,109.5447,115.9996,98.7480
2004-08,83.5311,98.3710,101.2454,125.8221,77.5770,87.2914,58.6963,101.4820,30.6345,61.4579,66.5916,153.9945,110.4816,114.7893,96.5685
2004-09,82.6691,100.4445,105.2134,123.8133,76.5224,87.4758,57.7572,100.3587,31.8722,63.3860,61.2115,144.8709,111.1966,111.1414,87.4700
2004-10,83.5509,103.7650,115.3443,110.8212,76.9988,90.1186,56.4531,100.4410,36.1591,64.6133,60.6153,139.9583,111.9191,104.4570,88.8864
2004-11,84.6196,103.4625,116.1239,101.1932,77.5528,84.4963,57.4566,100.4175,33.6243,67.7774,58.7646,120.8964,113.3573,110.8721,81.1957
2004-12,86.0801,99.4672,113.4162,97.8483,80.0456,83.0950,56.9552,102.1840,39.4379,67.7356,65.2058,111.6335,114.6277,106.7966,72.7279
2005-01,89.6808,99.2879,108.7016,94.4192,80.3376,87.5483,56.2080,104.3433,45.8883,66.5357,63.9573,130.6871,106.7472,107.5086,86.1767
2005-02,89.7247,101.6865,108.1499,92.6262,83.6319,86.5792,55.9589,107.0639,45.4970,68.9848,69.6006,148.6741,107.8171,104.3369,90.7612
2005-03,90.0139,100.0836,93.5933,92.6546,85.6307,86.4639,56.7596,108.7901,42.6418,71.2461,72.2201,159.7914,107.7122,106.9994,86.8787
2005-04,89.5388,99.5659,93.1702,95.2737,87.3079,88.0064,55.3892,111.4191,44.1796,70.0333,76.4265,172.3926,106.2963,115.3905,95.0293
2005-05,90.7659,99.4114,97.1895,96.9764,88.4712,89.1062,56.6349,112.5876,45.4020,70.4909,78.5005,170.5106,110.1442,114.2390,100.8922
2005-06,93.3173,100.4036,93.4262,102.3143,89.1477,93.2368,57.7243,111.8721,40.7318,71.7764,81.1714,196.8206,110.6382,120.8238,100.8283
2005-07,93.4397,100.7386,96.0058,109.7663,83.5808,88.6167,56.7334,107.5354,37.9722,67.0817,72.3989,190.8785,108.1916,123.2656,101.3447
2005-08,92.7690,98.0401,99.9598,120.9941,81.4289,92.3677,58.2175,106.9073,35.0748,68.5289,63.2730,179.8767,108.2527,128.1367,96.3805
2005-09,97.4024,99.3567,104.1652,115.6334,80.3320,92.7986,58.1168,105.6894,39.8104,69.7409,58.5701,154.2449,110.8852,120.8028,88.2510
2005-10,96.7646,100.2612,119.2641,106.8832,79.3738,97.0613,57.9716,104.7541,44.3005,68.6142,57.1240,144.6851,110.0797,119.9865,89.2667
2005-11,96.1075,95.9941,118.4954,102.4675,81.4566,92.8420,57.9893,105.1000,44.4009,71.2718,61.1449,122.6144,111.3327,116.6814,84.0951
2005-12,100.2815,93.5074,121.4636,96.4958,84.9562,91.3384,60.2737,106.2485,49.5856,71.8862,71.1734,107.2968,111.2055,110.9629,77.9913
2006-01,100.2999,92.7199,102.6094,93.0281,86.3077,93.1142,60.9428,109.6482,60.3818,69.3769,73.0665,131.2493,103.9218,111.0158,89.3067
2006-02,96.4697,90.6669,102.1546,90.2935,90.1873,92.0055,59.2253,112.5314,60.2977,70.3418,82.0224,144.7598,103.3070,111.0151,92.2939
2006-03,95.2805,92.1561,93.9862,91.3206,90.6015,93.8120,61.3712,113.7315,55.0302,72.1259,80.3976,156.8635,104.2184,110.4677,97.4587
2006-04,93.9847,89.2140,93.2686,90.7537,90.7587,94.1085,62.9288,114.1622,55.1763,71.8267,80.6542,168.2537,102.5025,109.6586,102.6516
2006-05,93.5927,91.1931,88.4770,94.7488,90.6376,94.2633,63.4926,114.0439,50.0971,71.6586,81.0818,160.4350,104.4209,111.1238,100.7310
2006-06,93.8019,91.2831,88.5189,99.7089,88.3517,98.0393,64.3638,112.3103,41.1433,71.8448,76.1886,183.1928,105.5294,113.1404,104.4363
2006-07,91.1252,92.0214,88.4363,109.9167,81.6030,93.2373,65.2696,107.3182,39.5074,67.8109,63.9754,176.5820,106.4332,117.5864,103.1957
2006-08,85.1764,92.5536,97.5460,122.7105,79.9019,96.1388,64.7704,106.4092,34.9968,69.7379,57.7024,164.7917,106.4008,115.6312,98.9991
2006-09,87.4228,96.6397,104.4416,127.7155,79.9369,95.8566,62.7834,105.6487,43.8968,72.1784,55.2108,146.8705,108.1573,105.1853,94.2429
2006-10,89.5465,98.8919,113.1698,115.2862,80.4318,100.2783,63.4171,104.7071,49.3370,72.1511,57.6083,128.3137,109.5605,101.6656,87.4752
2006-11,91.6098,95.9533,113.9607,106.1506,82.2644,95.4436,64.9743,105.6495,49.1391,73.7254,61.0310,111.4271,112.7532,106.8029,83.8482
2006-12,93.4911,93.2757,115.5053,101.5478,86.6349,91.5699,64.6602,107.4964,58.6841,74.9053,71.7890,102.6251,110.8447,109.7717,83.2726
2007-01,91.4770,93.4990,106.5728,97.3001,87.6499,91.4932,62.4328,109.6760,60.5691,75.4271,71.5536,126.6596,101.6803,109.5439,89.3196
2007-02,91.8255,92.5603,101.9668,96.9392,88.9695,92.3362,62.1636,111.2442,61.3209,77.1646,71.9759,139.5354,102.2269,110.6187,97.7517
2007-03,91.1753,93.7124,98.5220,100.8479,90.7152,91.7235,62.9330,112.9455,56.8628,78.4946,74.8433,153.5697,104.9076,111.0861,99.7580
2007-04,89.6017,93.1115,86.8897,103.3520,93.4800,92.5368,65.9945,113.7646,58.0989,78.1019,84.3485,170.5203,101.3370,118.9045,102.2128
2007-05,90.5332,96.1886,85.5558,105.3967,91.6502,92.4808,66.8436,112.7581,49.5751,78.2638,79.5368,167.8417,102.0886,120.1120,102.9247
2007-06,92.5358,97.3813,82.6706,107.3876,91.9336,97.0083,67.6847,110.9873,46.4134,78.2241,83.6073,180.6641,103.9747,126.9869,109.3776
2007-07,90.1879,101.0125,79.4454,116.7171,90.6314,92.7779,68.7879,108.6047,47.6090,76.7041,83.9346,167.7535,103.6145,124.1929,103.9285
2007-08,88.8407,99.4144,87.4636,123.5597,87.4050,94.7431,70.7479,106.7932,42.8904,76.7775,74.5553,149.7052,103.5027,130.7652,95.6774
2007-09,92.1278,101.4766,95.5682,120.7123,85.7747,95.8190,70.2964,105.1804,47.6845,77.5587,69.1515,142.4290,106.3943,118.4931,95.1252
2007-10,94.1199,103.0761,100.5980,108.9587,87.5718,100.6297,67.0949,104.8011,48.6623,79.8236,73.6643,126.7322,104.9794,117.4970,81.1233
2007-11,93.6281,101.5751,102.7454,100.8565,88.9554,95.8716,68.8243,105.1023,49.8795,81.4635,76.3474,104.3601,107.5910,116.1851,79.4837
2007-12,96.9756,100.6664,104.7263,96.9865,91.0489,93.2939,68.2818,105.3603,54.0372,81.8622,83.0754,99.8181,107.1962,112.0013,74.4460
2008-01,96.8127,99.3040,94.4020,96.9479,91.6505,95.3875,66.6898,107.1512,59.5865,78.5114,86.3305,108.3465,96.4526,110.4221,80.0356
2008-02,94.7312,99.9125,88.4075,95.9402,93.7137,93.7847,65.3129,108.3288,55.1853,80.7160,90.1898,125.2240,97.6010,107.3082,82.8809
2008-03,97.0044,101.7659,84.5049,96.2812,94.9419,94.6427,66.9561,109.4774,54.3023,80.2265,93.8669,140.2560,98.9098,111.5426,88.6792
2008-04,96.2607,100.5556,79.9321,96.2068,96.2660,97.0773,67.9770,110.4117,52.5205,80.5621,97.2974,142.2793,97.0661,114.2640,85.2745
2008-05,90.3612,99.5105,77.4478,99.5446,95.8759,94.8389,69.7513,110.4768,47.5115,79.3123,97.7519,144.1420,98.4594,120.6362,87.8542
2008-06,90.6424,101.1476,77.5836,101.7743,95.3226,96.8915,69.6203,108.8118,42.0020,79.6710,98.2727,169.9507,97.8403,123.0369,93.3757
2008-07,93.6576,101.2446,74.2352,105.0798,91.7036,93.2236,69.0040,105.6182,37.7822,77.4743,92.4408,145.4867,97.9140,125.4064,85.0749
2008-08,97.9044,101.7653,77.2549,113.9920,88.5701,96.1855,68.7581,104.1523,40.9913,77.7514,82.1343,140.2383,99.5110,121.7433,90.0526
2008-09,100.4536,102.4135,90.0804,121.0704,86.6151,96.3789,67.7930,103.5947,42.2622,78.3864,74.5956,124.4164,98.0618,111.1697,82.0804
2008-10,104.2202,106.4753,99.4489,111.1966,89.5324,97.5616,68.4851,103.8210,44.3192,79.5287,83.9535,109.3037,101.0735,107.2060,78.1663
2008-11,101.8262,104.7895,100.9843,105.1183,91.5470,92.5256,70.9675,104.9001,51.1024,79.8109,89.0699,102.7701,99.7535,107.7295,79.3714
2008-12,98.9292,99.9972,88.6537,97.9684,94.2284,88.5674,67.8386,106.5846,54.7294,80.2971,96.0134,84.0586,102.4584,103.5079,71.4351
2009-01,103.3707,99.7655,78.2796,91.7473,94.0692,90.6176,67.2357,108.4942,64.2581,76.7336,95.7914,94.4871,94.2696,106.9476,85.7253
2009-02,101.0961,106.7111,77.4500,88.4538,93.8070,93.3905,66.2112,110.2561,60.6646,78.8195,89.5858,115.5767,95.9122,99.7384,92.3800
2009-03,99.8393,107.6033,74.4436,89.4432,94.7152,93.1566,66.7238,111.7397,56.5007,80.6703,88.9611,130.0371,95.8566,101.8481,97.5385
2009-04,98.5660,106.8373,69.3343,89.2525,96.3729,92.5739,66.3150,113.4989,55.3985,81.2164,92.3345,133.4899,94.3836,100.1596,99.9174
2009-05,103.2985,109.4788,69.7980,94.0668,96.8922,92.1776,71.3154,114.7102,56.3772,79.4608,94.7811,138.4215,97.0858,107.7138,111.6842
2009-06,101.2759,110.6402,69.2049,100.6233,96.0164,94.6738,70.1148,112.7077,50.2995,80.5386,93.8979,150.8230,96.0836,104.6817,110.6592
2009-07,99.0482,107.6815,71.6203,109.1773,91.9083,90.6223,69.0578,109.8015,44.4624,78.6033,85.0338,134.9010,94.8076,107.1491,104.8076
2009-08,96.3923,107.4090,77.5279,120.7531,88.2388,95.4128,69.1198,107.9395,41.9812,79.6397,71.5127,132.9430,98.1689,109.3821,105.2091
2009-09,95.1128,108.0397,88.1192,123.3458,87.0723,95.1814,69.2060,106.5791,38.5887,82.0998,65.9725,119.8167,95.6215,112.3576,99.2576
2009-10,97.4519,112.6058,107.7949,112.1386,87.1822,95.9737,70.0681,105.5944,45.0034,81.8041,67.5205,107.1083,97.7548,105.4304,93.6055
2009-11,99.0802,113.6166,102.0858,99.4478,90.1366,91.7217,72.0667,106.4077,50.9608,82.6630,76.4430,88.1300,98.4246,103.1766,89.7846
2009-12,101.2914,109.2522,101.6592,94.5043,93.0892,88.0205,71.1516,107.5311,58.1066,82.7711,85.6366,78.0391,96.1751,98.9558,82.3922
2010-01,103.4662,107.2631,87.5599,91.9901,93.5010,89.6192,71.1769,108.9351,65.4835,81.3121,85.8359,91.5783,90.4156,100.9150,94.5092
2010-02,102.3688,111.1774,86.3674,88.1063,95.3309,91.1443,70.9046,110.7749,59.4791,83.6530,88.1680,110.8511,92.7672,98.3530,95.8014
2010-03,102.5971,108.2546,80.2017,89.0380,97.7220,91.6625,73.9776,112.3131,51.0712,87.2460,92.0219,127.5039,94.4761,99.3383,99.7604
2010-04,99.4092,105.9170,78.0176,89.5407,99.5392,90.3073,75.2282,114.3848,49.7699,87.4399,96.0426,133.0735,94.6597,102.2503,104.2673
2010-05,98.9172,104.4987,78.4020,91.5210,99.4529,88.9753,80.1301,114.5487,49.1864,86.5479,96.7035,134.9921,97.4097,110.5668,114.7829
2010-06,95.8027,105.4891,77.9568,92.8310,99.4969,94.2243,79.5173,113.2859,41.6408,89.8981,95.7459,144.4180,97.7181,110.5987,112.9994
2010-07,96.0017,102.5473,83.9774,101.1151,95.1332,89.2043,78.9707,109.9729,37.6276,86.6244,88.3295,129.2744,97.6013,107.4497,107.6298
2010-08,97.9708,106.0160,92.9126,115.7574,91.6099,94.4982,79.0407,107.4603,33.9860,86.0086,79.5156,125.9632,98.5700,110.6439,106.6487
2010-09,97.2689,104.4838,100.7959,116.4751,92.1678,95.4839,80.6142,107.0257,36.8829,89.0417,78.0371,116.4443,100.4527,106.3475,95.0225
2010-10,97.7286,107.8377,109.8495,105.8863,91.3357,100.2455,81.6952,105.8313,39.1859,86.9492,78.9220,98.0676,99.3699,108.1541,93.7210
2010-11,95.4424,107.3591,102.3998,94.2226,93.9673,97.9863,81.6693,106.4543,40.6405,89.9002,84.3668,81.3481,100.0965,98.7199,87.0661
2010-12,96.4251,101.7424,103.2952,90.6060,96.4413,94.6882,81.8777,107.1553,44.7790,89.1313,93.3780,73.0135,99.1685,99.8303,80.3100
2011-01,95.6277,102.1326,89.6644,86.9992,94.5974,96.9611,77.3776,108.5528,49.1160,86.4005,86.7387,92.9068,93.8541,94.5121,93.5642
2011-02,96.9233,101.7724,89.2279,86.9970,95.7365,96.3960,76.6323,110.3219,46.1191,86.8188,88.4229,106.5035,94.8476,97.6715,96.8235
2011-03,99.3941,100.5088,86.1335,86.8918,97.9323,97.1858,78.4818,112.0958,43.9571,88.5779,92.3983,114.6108,96.0707,100.8329,105.7255
2011-04,96.7513,99.2856,84.8809,87.1897,100.0658,93.6297,81.3667,113.3075,44.3248,88.2809,99.1705,116.9922,97.4350,102.5947,105.9044
2011-05,91.9301,99.3065,79.5307,87.3117,99.8982,94.6635,81.8263,113.4436,42.3998,87.8851,99.1275,116.5031,99.1839,108.0540,110.0662
2011-06,93.4532,99.4653,78.0918,91.5707,99.6837,99.9178,81.4500,111.6788,38.5123,88.1471,101.2235,121.1545,97.3421,112.7256,113.8325
2011-07,93.1359,97.2502,78.0551,99.9374,93.7888,92.9908,79.0814,107.4331,38.1110,81.7152,93.0069,116.6281,96.9936,116.2219,107.5937
2011-08,92.8888,97.2793,80.0460,113.7685,91.6605,96.6628,80.0208,106.6131,36.0623,82.0865,85.8840,115.3663,97.1456,112.7376,101.8938
2011-09,92.3005,95.4425,81.8201,118.6178,91.0666,96.7274,81.4704,105.3318,39.7556,85.1359,81.1054,102.0781,98.7347,108.8291,99.8058
2011-10,95.9220,101.9786,101.7469,108.2148,91.0195,99.8630,82.9506,104.5746,44.2624,85.1028,81.5477,91.3902,99.8232,107.7983,94.4801
2011-11,96.2009,104.2685,101.8160,94.7526,95.0746,93.9585,81.7480,104.5042,47.1035,87.3604,94.5511,76.7527,100.4536,108.3420,88.2730
2011-12,100.4082,100.7482,100.1950,91.6664,97.9218,90.5233,80.5503,105.3598,52.0413,87.6328,103.7496,71.6863,101.0825,101.5224,84.0171
2012-01,100.2798,100.6737,87.1530,87.7705,100.2763,92.2775,80.8438,107.8346,60.5159,85.6851,111.0365,85.6801,91.1626,105.5813,93.4399
2012-02,95.9557,100.6720,86.3652,86.8274,102.9903,91.2461,80.5146,109.9618,61.6388,86.3062,117.8344,99.8965,94.0592,103.5691,96.4529
2012-03,98.6264,98.2272,82.1032,87.9950,104.9702,90.3813,84.0574,111.2065,62.0275,89.5436,119.5026,112.8687,93.5294,106.8185,103.6794
2012-04,97.6954,97.2089,76.4728,86.1259,105.6970,89.8949,84.5972,111.2982,65.8771,86.9164,125.8359,115.2007,93.5052,111.0490,106.8902
2012-05,96.2373,99.3540,74.4181,93.3210,103.8308,89.5660,86.0992,109.6750,60.2885,85.9084,122.7946,114.9520,95.3737,113.0461,106.6807
2012-06,99.2106,102.9819,75.4694,97.8501,101.7887,92.3240,84.9462,107.1521,54.8037,87.1243,117.2101,124.7554,95.3996,116.4581,116.4110
2012-07,97.9545,104.4609,77.9936,104.1134,95.6014,88.2745,85.3320,102.9000,53.1227,82.6000,104.8297,112.6920,97.5736,119.2037,111.8501
2012-08,96.1665,101.8259,85.5773,122.8165,92.0744,92.0404,90.6307,101.7235,49.8387,83.4670,90.5835,107.9826,98.2057,117.0501,104.7006
2012-09,100.4007,102.5819,97.6574,123.6478,90.1509,91.9868,91.3236,100.5301,58.3159,84.3349,82.3759,96.6639,100.2245,113.5834,108.3531
2012-10,100.6925,107.9006,99.8675,110.0916,92.9557,94.7084,85.5293,100.8432,55.3811,87.3221,89.7735,89.1470,100.9045,107.4438,94.3233
2012-11,95.8216,106.9282,100.8003,95.4871,96.6823,91.4930,87.9937,102.6274,56.4979,88.7776,100.5243,75.0480,102.9724,110.4496,94.9166
2012-12,99.7018,105.4151,100.7764,97.3851,102.0021,88.1233,86.6424,104.6745,68.9669,89.4901,117.9687,68.9536,102.9329,113.1407,97.9069
2013-01,97.6144,108.3265,92.8489,91.8162,101.3195,91.6694,81.8403,106.3981,69.2748,87.7450,114.6209,78.3168,94.3161,108.5352,97.6297
2013-02,96.8787,106.0767,88.4444,92.4578,103.4918,90.2656,80.7625,108.5473,71.3461,88.5533,118.8811,98.2778,94.8764,110.1606,109.2634
2013-03,94.6383,102.6795,88.9596,90.6797,103.6217,91.1373,83.5755,110.0217,68.6934,89.9647,114.9368,108.1479,95.1429,110.3007,115.7860
2013-04,98.2015,103.7104,82.6390,94.4512,106.1251,92.4253,83.0199,110.9579,60.7059,90.5661,123.5699,108.1736,96.6397,111.2877,114.4212
2013-05,96.7169,102.6682,79.5933,96.4718,104.1939,90.6097,83.9324,110.8021,56.3545,88.9105,118.2806,111.1883,99.5096,111.8374,119.6591
2013-06,102.5041,104.9095,79.7108,103.9381,101.8185,95.0653,82.5509,108.6130,52.8464,88.6418,112.4860,129.0215,99.1728,115.7059,136.7002
2013-07,102.9070,102.8306,80.3504,108.5110,95.5336,91.4133,83.6103,103.8131,44.6095,83.8771,101.4369,112.6736,99.3621,111.7531,119.6089
2013-08,102.0108,100.2526,87.3886,118.4475,94.8134,94.5651,86.4561,103.3522,45.8005,87.1494,94.1118,106.3623,102.8783,112.3999,121.3486
2013-09,101.0935,100.8914,92.0476,121.6582,89.9324,93.5734,90.0569,100.1591,47.9144,86.5897,79.1563,98.4980,102.1543,112.2405,119.9370
2013-10,100.3332,106.0042,102.5614,110.2740,92.7425,97.2145,90.5116,100.1084,48.7131,88.6039,88.4199,91.3043,103.3345,110.6552,106.2466
2013-11,103.3135,107.0938,106.4893,98.4519,93.6933,92.9707,91.0746,99.8423,50.7655,88.0654,93.7957,80.3577,101.5993,108.8569,100.9078
2013-12,104.7480,109.2593,108.0843,99.8516,97.7355,90.8725,91.7174,100.5687,57.0059,90.0650,106.8955,68.0620,103.1136,108.9974,100.0033
2014-01,101.0033,104.8625,91.8221,92.4567,98.5093,89.6423,87.5379,102.8215,62.9853,88.1114,108.7308,86.7435,95.6739,106.8567,102.7945
2014-02,102.6771,109.6532,91.3606,90.1198,99.4867,91.3035,89.6574,104.0193,65.4802,86.7599,112.9311,102.1509,98.8418,109.8024,108.7630
2014-03,105.2708,103.5737,88.8589,90.2297,101.0027,89.6278,92.6230,104.6827,62.4903,88.6704,115.9623,114.2520,98.1880,109.9688,114.1133
2014-04,103.2298,102.3115,81.7398,92.3337,102.2262,90.1272,95.4817,105.3796,62.7711,90.5176,117.1944,119.8499,99.3011,110.8415,111.5192
2014-05,100.6451,103.2937,77.6142,92.3066,101.7872,88.6100,100.1587,104.9956,62.2614,88.2897,119.8302,117.1007,100.2765,114.4733,116.3112
2014-06,98.9744,101.0795,78.3120,103.1186,99.9530,92.2272,99.1729,103.3579,57.2999,88.6666,114.3178,131.5345,101.9302,115.2342,126.3789
2014-07,102.5248,101.4931,76.9918,105.5613,96.9916,86.8311,98.5531,100.2688,53.0359,87.0418,109.6692,117.6691,99.5188,116.5026,112.1950
2014-08,103.8059,99.8081,85.4195,124.4503,92.1779,90.3596,100.5219,98.8105,54.2855,84.4793,93.2810,111.7370,101.7679,113.9979,110.0421
2014-09,100.7301,98.7086,92.6979,123.5944,92.5666,90.6591,103.5345,97.7363,55.7671,88.1539,90.7533,100.8456,101.9151,115.0958,109.3817
2014-10,100.1365,107.9554,103.4177,110.1393,94.5578,93.8871,104.5536,97.6825,63.1500,89.6243,96.7492,91.4113,102.8248,112.8406,97.4982
2014-11,102.4876,109.3922,110.9391,99.5039,96.5341,90.4505,106.6762,97.8775,68.9761,90.8222,102.8730,86.6614,105.2623,110.0136,94.8672
2014-12,102.7646,109.7321,110.0463,98.6627,99.6690,88.8663,102.7648,99.1731,74.9867,93.4657,109.8905,75.4110,106.0199,113.3839,91.3624
2015-01,99.8693,108.4969,93.7183,93.2245,100.4635,90.9467,100.6729,101.1172,80.4779,91.3285,112.3686,85.5795,96.5686,111.9385,94.0799
2015-02,99.0798,108.2776,92.5262,91.0156,101.5746,91.4368,98.2129,102.3133,82.5956,91.6476,114.3807,100.5330,96.8312,109.4040,103.2315
2015-03,98.0130,110.3519,90.2869,92.2382,104.2884,92.7238,99.1407,103.2034,83.4612,93.9665,121.2909,109.5423,98.3382,111.6889,110.5702
2015-04,97.7603,109.3031,85.5492,92.0963,105.6527,91.8569,96.9068,104.7791,84.2331,94.1532,123.9616,108.3420,96.6783,111.9148,109.0080
2015-05,98.5669,107.6288,81.9169,93.4027,104.3549,91.0115,97.9640,104.7292,89.9676,92.5870,120.1168,106.0861,100.5178,116.0642,118.3103
2015-06,96.0070,108.0653,85.4599,101.4720,102.2603,93.0302,97.7358,102.3596,76.1292,94.9294,113.6057,116.2604,100.9362,116.5366,121.7762
2015-07,97.3737,107.3193,87.4176,107.4669,99.0246,90.0365,98.3217,99.3248,70.0259,94.6926,106.3279,108.6193,99.4468,116.7243,110.3477
2015-08,100.2940,105.1626,99.0636,122.6321,94.4361,94.3394,97.9393,97.0964,71.3232,92.8580,93.4635,112.6288,101.3961,115.9255,115.5833
2015-09,100.5408,102.2756,99.8239,124.7925,93.6577,95.5734,99.9076,94.9341,73.6312,94.9179,91.2505,100.9017,104.9525,117.3023,112.0242
2015-10,102.2685,108.6217,110.2747,110.3079,94.6009,97.0306,101.4995,93.8244,80.7434,97.1000,93.7642,94.6212,106.0698,109.1097,102.3797
2015-11,106.1495,109.7470,109.3003,101.6301,97.2625,94.3391,101.6227,93.5440,88.8297,97.4212,104.3281,86.6467,107.5872,105.6656,95.0334
2015-12,110.7670,108.5891,106.3806,97.7227,101.0971,91.4832,102.4641,93.6974,94.6417,99.0849,117.4060,77.7988,107.2651,107.9731,92.8457
2016-01,104.6734,106.0158,97.0845,96.8154,99.9848,94.8389,102.3059,94.0954,98.3079,98.2947,112.7219,93.9231,101.0582,104.2674,100.7258
2016-02,100.0331,109.9214,97.8823,92.4495,101.7938,93.7686,102.4176,95.3284,99.2990,97.1349,119.5964,103.2774,98.2059,104.9242,102.5604
2016-03,99.2248,110.2004,98.3514,91.5252,104.7666,93.8970,102.5955,96.3202,95.2349,98.6682,128.5460,117.6877,99.5025,104.0209,112.0854
2016-04,99.2025,107.5568,95.0180,91.0594,105.8336,94.6731,102.8567,96.4149,99.4688,99.4167,131.3998,125.7593,100.0964,103.2777,114.0635
2016-05,99.6685,108.5066,93.3329,95.3399,103.7085,93.9638,104.9320,96.1828,94.8694,96.8761,126.7319,122.8904,101.2374,103.3688,114.7208
2016-06,98.0014,107.3614,93.7790,101.1639,102.0431,97.8435,104.5960,94.5500,84.6973,98.7966,120.6352,134.1437,103.6516,104.8601,121.3759
2016-07,99.5441,104.5744,94.3197,107.7409,99.2547,92.9133,102.8171,92.0242,79.6089,97.6277,115.2512,125.5011,100.9576,104.2391,116.3308
2016-08,97.8629,103.5701,96.2598,124.1563,93.6434,97.7904,102.5124,91.0115,68.8757,96.1261,96.3477,121.4053,102.1141,103.6668,108.9370
2016-09,101.0461,102.6740,101.3600,117.6922,95.5818,98.1294,104.2533,90.5241,79.2245,97.6209,102.1783,107.5323,103.7805,103.1185,106.1224
2016-10,104.3400,106.5934,111.2936,101.3586,97.4503,102.3651,104.3089,90.9309,84.4194,100.0410,105.3157,100.3333,104.6003,99.7959,97.7392
2016-11,105.0707,106.4803,108.2221,93.4233,97.8510,99.3079,102.0090,92.2592,85.4161,100.8703,103.4865,85.2618,104.9024,98.9517,90.0688
2016-12,105.0852,104.3722,107.7016,90.9244,100.7403,96.1455,102.8253,93.6500,96.5970,100.9448,112.2287,79.4809,105.2275,98.1400,93.1022
2017-01,99.1649,104.0264,100.6168,90.9341,100.7667,97.9208,102.0570,95.8496,108.6990,100.1073,108.9353,88.4070,97.3802,95.9803,94.2490
2017-02,100.1295,100.8348,103.7016,89.1570,101.0112,97.7401,101.1149,98.4248,108.4357,99.8566,106.2904,106.3213,97.8133,97.6052,94.5350
2017-03,98.3456,102.4314,95.3707,89.5655,102.0355,98.2776,99.5554,100.6332,106.0865,100.4210,106.4833,113.6088,96.8919,100.4265,104.4102
2017-04,98.2011,98.9612,97.1333,89.2638,104.3042,97.5852,100.1351,102.5499,109.0683,102.2631,109.8821,116.0445,99.3474,100.7811,108.1123
2017-05,97.1849,97.9211,91.3770,93.5916,102.1552,95.8699,102.6070,103.2276,100.1162,100.3551,103.6691,109.8461,99.4439,104.8824,106.6748
2017-06,98.1703,98.2985,93.0478,97.5526,101.0546,100.4075,100.3050,102.3352,89.7616,100.4982,101.1629,115.9026,99.9144,102.3697,116.4940
2017-07,99.8119,97.4344,90.4570,104.8433,98.1317,96.2914,99.5556,100.6357,90.1624,97.7827,95.7322,109.7948,100.2132,103.5885,105.0546
2017-08,98.6809,98.4336,100.6918,123.1902,95.0751,102.4509,96.8813,99.7528,82.6704,96.9649,86.3105,107.6917,100.5611,100.6336,100.2052
2017-09,99.5058,97.4857,106.5645,125.0370,95.5276,102.7299,98.4462,98.1756,90.9015,98.2472,87.6139,93.1466,102.4629,102.0248,101.9328
2017-10,101.4951,102.8636,106.6768,108.0547,97.0394,106.4611,99.9128,98.6993,96.3254,100.0776,89.6127,88.0928,103.0030,99.5854,94.5428
2017-11,104.3503,101.1681,104.8813,95.3524,100.1618,102.5098,100.5915,99.2037,100.2424,101.6883,98.9237,76.1513,102.2167,94.6401,86.7240
2017-12,104.9598,100.1414,109.4814,93.4578,102.7369,101.7556,98.8382,100.5123,117.5306,101.7380,105.3839,74.9924,100.7520,97.4824,87.0654
2018-01,104.4462,101.5038,99.5552,86.0104,103.5425,100.8186,94.3887,102.4244,123.3164,101.7222,105.0463,86.3398,97.1181,95.7228,86.5240
2018-02,100.6502,101.5551,101.3342,89.7671,106.8105,102.3513,95.0743,104.3258,129.0906,101.7535,115.0502,104.8505,98.1405,94.8522,95.7948
2018-03,101.0270,101.2057,97.1693,87.9846,107.8544,101.2676,93.1032,105.2292,125.7539,102.5404,117.3494,110.2437,97.6697,96.1441,104.5401
2018-04,103.4091,100.4124,96.7356,88.4106,108.2394,103.5064,93.6966,105.3015,128.9625,102.8295,117.8691,118.9644,98.0103,98.6934,107.8988
2018-05,102.1020,100.0614,92.9164,90.1700,107.1667,101.2843,93.3558,105.5217,114.9975,100.1620,119.4440,113.1529,97.9200,101.7298,107.1862
2018-06,101.1836,101.8694,90.4160,93.9240,104.9850,104.1191,94.1829,103.9893,102.6923,101.7642,112.1472,130.7811,99.2829,99.4318,122.4812
2018-07,100.6883,104.4226,90.6298,109.8698,101.3965,100.6503,92.4030,100.6724,94.6230,100.5920,105.1850,121.9828,97.5344,99.7103,111.0410
2018-08,99.5624,101.5607,96.9854,125.4724,98.3155,105.7714,89.5345,99.9706,90.0629,100.7975,93.5700,117.4794,98.0899,97.1185,109.5612
2018-09,98.6024,102.0343,106.1213,121.8589,97.5201,104.1931,89.7906,98.2605,101.1444,101.7419,89.3768,107.5642,96.9444,102.4538,111.8326
2018-10,98.5043,105.6221,105.9470,104.9957,100.0763,107.2363,86.5521,97.4803,99.7499,107.6358,92.6372,100.7043,97.9634,98.7087,91.4833
2018-11,98.7089,103.3642,106.7965,92.2510,101.0580,103.2259,83.3778,97.4755,103.7860,105.9948,98.6943,84.8154,100.0329,97.1381,86.6031
2018-12,99.2604,103.1000,112.5134,90.4097,102.3281,98.6320,81.6985,98.7175,120.2970,104.5334,101.6898,76.4650,100.0716,96.9319,94.1903
2019-01,100.1096,100.6977,103.5330,88.7951,106.8247,100.9164,78.6244,100.9453,126.9845,105.4593,114.8702,87.8707,94.9850,95.0193,90.3899
2019-02,97.9744,103.7539,104.5199,87.3763,105.2761,101.2539,77.8742,101.7316,124.7111,105.4543,107.4660,104.3676,95.0023,95.3206,96.6720
2019-03,97.2330,103.5249,103.8798,90.2063,106.0589,100.5017,77.6094,101.9520,122.5995,107.0796,108.2842,117.0919,95.7864,95.7806,110.9590
2019-04,95.1365,102.0862,97.9744,88.3150,107.2480,101.1493,78.8267,102.9475,114.7886,107.6619,112.1083,113.9658,97.8325,97.9505,104.3613
2019-05,94.3857,101.2936,94.3307,89.8786,104.7274,99.5543,80.7655,102.9460,109.2074,106.9348,103.4167,115.4787,94.9838,99.8150,102.1131
2019-06,96.5470,101.8077,94.5633,96.4143,104.2127,105.8813,81.7039,101.6880,111.2803,107.6855,101.7066,120.6970,99.4971,103.6064,120.7008
2019-07,96.9323,104.1034,91.8082,99.9765,102.6881,100.2974,81.3455,99.2236,98.4403,106.8832,102.1506,106.7465,99.4838,102.2160,98.9981
2019-08,96.7866,104.3305,99.4010,115.2045,100.1424,104.1084,82.7706,98.6970,95.4091,110.4148,87.0155,107.5007,99.8235,100.4204,97.5111
2019-09,93.1223,103.0095,107.5340,114.9769,100.1127,104.8485,86.5743,98.2827,105.3373,111.7366,83.9822,100.3787,100.7359,105.0111,103.6330
2019-10,97.8545,104.3354,107.8665,110.3464,101.4597,108.9469,90.2894,98.1055,111.1817,114.9360,84.1243,91.7124,104.1851,99.5844,86.6386
2019-11,98.8880,104.3153,110.2605,98.4928,103.4251,105.6839,92.6871,97.9076,119.5310,115.1354,91.5701,78.9224,105.6188,96.3088,80.1525
2019-12,100.5042,105.6519,112.5942,98.5566,105.9011,104.3468,95.4984,99.7458,135.2273,115.4080,96.8244,75.0474,109.3149,97.2851,88.6390
2020-01,101.9833,106.1171,96.6461,95.4382,108.0957,106.9094,94.3096,102.4518,147.3079,116.4763,98.5926,83.2602,103.1449,95.1005,80.0862
2020-02,99.7422,105.7402,98.3549,98.3653,109.4584,106.7524,93.5798,103.9910,158.0193,115.1548,102.8601,98.6914,107.3065,95.3453,82.3947
2020-03,97.8627,107.9284,92.4525,96.5195,109.6285,111.7401,90.1441,105.5360,154.3608,117.6249,97.1548,108.0220,103.2627,97.3971,91.7250
2020-04,98.5029,102.1155,78.1803,88.8439,111.6859,92.4251,80.4277,105.0712,177.4979,114.4751,109.8137,101.9320,82.5345,97.2260,81.0759
2020-05,99.8104,102.0695,79.7221,95.7468,106.8571,94.1662,83.1576,103.5033,138.8247,116.2789,92.0788,113.2491,91.1244,94.2013,88.5593
2020-06,100.9826,103.7789,82.4073,102.1841,107.8541,108.9513,85.7614,103.7709,118.3529,122.5121,88.0256,123.5549,99.3083,95.4065,100.2989
2020-07,97.5795,104.6436,85.8352,104.6552,106.1437,104.6237,86.9961,102.3386,116.7721,117.3773,92.0727,119.4701,100.3911,93.2148,91.7551
2020-08,100.3760,104.8195,94.9170,117.9399,103.7320,109.7545,88.6668,101.7710,122.3427,114.9660,85.1231,124.6023,102.0021,96.5909,93.8872
2020-09,104.3479,106.2764,101.2075,113.8720,104.6736,107.7126,85.6130,101.7844,118.9843,119.6629,81.5021,118.0024,103.6569,96.1082,97.5182
2020-10,101.7900,103.5266,109.7146,107.7477,104.4322,111.1071,90.5153,101.6500,124.2397,118.4593,82.1752,106.4076,104.6133,94.0273,82.7100
2020-11,104.9115,106.2866,112.3875,104.1076,106.2654,107.0852,88.8443,102.2161,139.7829,117.8938,89.0946,99.7686,102.9684,93.7200,83.9300
2020-12,106.2855,103.9917,114.0195,101.3164,107.5298,102.1367,91.7677,103.5356,152.7678,118.6009,90.0108,90.7003,104.5149,92.6690,90.2986
2021-01,104.0137,103.5998,108.0691,97.6862,109.5900,107.2362,88.1457,105.6218,171.3949,116.3899,98.0417,106.4636,100.4446,95.9286,92.9601
2021-02,99.9075,100.5451,100.3232,96.0479,109.5180,103.5029,88.7605,106.7141,153.4919,117.1146,96.3284,120.1718,99.3867,92.1428,90.9614
2021-03,101.7048,105.4062,101.0842,97.4616,110.1073,106.4796,90.0165,107.8075,140.8895,118.5083,95.8898,129.3044,102.2318,90.7227,96.9763
2021-04,98.1771,103.6104,92.9450,98.2556,110.8568,102.8599,89.8776,108.7835,132.8397,118.5342,98.3625,132.5577,102.3792,90.4254,102.0888
2021-05,99.5897,100.5039,93.4992,97.0485,108.5980,98.9455,89.9949,107.9147,134.1388,114.7510,96.2041,128.0570,102.4015,92.0211,108.6460
2021-06,97.0347,100.6114,93.2982,96.8458,106.5190,104.0035,89.5057,106.2757,111.5455,114.1833,92.2868,131.3761,104.7235,88.4754,117.4207
2021-07,98.0543,99.6726,91.2649,105.1588,101.0453,97.0638,90.0644,103.5825,101.6731,111.8615,76.9513,127.0658,105.9780,91.2074,101.7916
2021-08,98.3246,103.1506,98.0119,112.7661,99.2061,102.1976,89.5583,101.4378,103.2678,111.8375,72.2238,125.9840,104.9898,95.9928,99.4499
2021-09,99.0377,102.6422,106.2358,112.2283,101.5728,101.8888,89.1632,100.7807,100.6476,113.9577,80.4563,110.9484,103.2049,94.9438,102.1872
2021-10,99.1977,104.4719,126.8703,100.7167,99.6416,106.7701,91.9016,100.7028,117.5491,111.9813,73.9035,110.6657,106.2683,93.4898,98.1343
2021-11,100.8910,104.2518,126.4170,97.2565,102.5736,102.8981,92.1390,100.5610,109.4446,113.6267,85.1204,98.5450,107.8397,94.1422,88.5581
2021-12,99.6439,105.8118,126.5746,98.6516,103.9445,98.6195,93.2571,101.4019,121.5675,114.6292,86.9014,94.2224,108.8075,92.9270,94.2596
2022-01,101.8620,108.4355,110.8825,95.0240,104.6279,103.0363,91.9889,102.7005,140.0026,114.4591,86.1479,97.5434,105.2396,93.1240,87.8548
2022-02,102.5835,109.5781,108.4339,97.7000,108.4232,105.8665,94.3912,104.5901,142.0414,119.8270,90.5330,114.0908,106.5898,94.6768,85.9031
2022-03,102.3498,108.9991,106.4680,97.5660,108.5526,105.3581,95.5099,106.0801,138.2635,118.8252,90.7792,123.2298,106.1144,98.4884,104.4704
2022-04,99.7800,106.3579,105.5225,96.5163,109.3160,102.8543,95.1869,106.3514,132.6507,117.9241,95.8544,126.4274,104.1374,98.2025,102.7845
2022-05,97.0706,105.0105,97.6997,99.0971,108.2777,100.9192,95.4933,106.0823,129.7811,116.9588,93.6704,122.4791,105.9901,99.2070,102.8970
2022-06,101.8385,105.0486,98.8312,104.0755,107.0185,106.5229,94.5621,104.8793,115.8970,117.9278,90.2414,130.4224,105.0510,100.2378,113.8258
2022-07,105.4996,102.9645,97.6889,109.5535,104.0442,100.4394,94.3322,102.7868,112.5295,114.2311,87.1077,121.8844,103.0705,102.1563,102.9589
2022-08,104.2139,100.2859,98.7723,118.3516,101.1105,106.3092,94.1869,101.8027,100.2572,114.3218,77.1859,122.4378,103.5265,101.4215,97.0239
2022-09,103.8135,106.6370,114.3283,112.5130,101.8700,106.2762,97.5625,100.8114,102.6791,117.1733,77.0516,113.5123,103.9605,103.2596,100.4607
2022-10,102.9847,103.9763,129.2725,107.6924,101.6543,111.7682,95.7085,100.4888,120.6282,116.5337,75.4306,106.8043,104.8939,101.0099,90.9945
2022-11,101.5893,105.3062,121.9412,95.6061,104.5485,107.4194,94.3370,100.2850,125.4146,117.5445,86.6281,94.9638,105.6773,103.0035,79.7637
2022-12,102.0233,101.4986,121.8157,93.2689,105.6144,100.3793,94.3078,100.7889,134.6929,117.9180,88.8741,91.1341,104.2653,96.9334,77.3802
2023-01,103.8028,101.2767,116.3798,94.4358,106.7249,106.8329,94.5034,102.8511,147.1523,118.5127,87.8757,93.7389,102.4718,98.4865,79.1931
2023-02,102.0478,104.1434,113.0852,95.2351,109.6138,105.1469,92.0403,104.4203,149.1239,119.7008,96.3390,114.6446,104.5943,102.5365,
2023-03,98.5465,109.0901,114.6615,94.2192,109.9431,104.9671,89.7400,105.2718,143.5525,120.6717,95.2414,115.5578,103.1926,101.9666,
2023-04,98.9939,108.6556,105.5046,90.2934,110.6760,104.9629,93.0295,,,,,,101.5723,104.5611,