Date,IP.G3111.N,IP.G3112.N,IP.G3113.N,IP.G3114.N,IP.G31151.N,IP.G3116.N,IP.N311511.N,IP.N311513.N,IP.N311514.N,IP.N31152.N,IP.N3118.N,IP.N31211.N,IP.N31212.N
1972-01,34.6961,47.8462,74.6385,59.952,56.3433,39.1359,93.8692,23.6976,48.3905,60.1529,86.927,53.9428,42.0694
1972-02,33.8895,48.033,62.5554,62.6868,58.8904,38.0237,97.3086,24.9751,52.6737,67.2738,87.0573,53.0928,44.9074
1972-03,33.5949,48.2429,57.5046,62.0129,62.4832,39.4701,101.6648,27.4163,59.2914,74.4713,88.0546,53.9394,50.33
1972-04,33.1411,49.3573,56.2333,62.4881,65.9364,39.7168,106.707,28.3575,64.5733,78.3607,87.5015,55.0427,55.6156
1972-05,32.8717,47.5457,56.6197,63.2913,69.5507,38.508,110.734,30.2025,73.2279,85.0335,89.2454,57.8405,53.0216
1972-06,35.514,49.0491,58.9134,65.8916,70.9409,39.6103,111.8276,32.1302,75.5397,100.9164,92.9756,65.6995,59.293
1972-07,35.3277,48.0591,60.1262,65.2049,63.8053,35.9084,103.8732,28.2536,61.2212,100.4452,93.3437,66.2211,56.2084
1972-08,35.2979,49.3021,61.6847,71.5668,60.0039,39.581,99.9581,26.4331,52.9814,96.6676,91.9589,66.0558,52.3866
1972-09,34.6192,48.3251,65.3464,77.6571,57.1905,40.0122,98.3809,24.813,43.2938,86.074,92.5882,62.3802,48.6807
1972-10,34.3151,53.281,93.1022,74.8477,55.4508,42.4762,95.9344,24.0136,39.6869,70.6176,91.0851,57.523,46.9488
1972-11,33.1467,48.0965,91.9384,68.9164,53.9925,40.2066,94.524,23.152,36.2266,61.0008,91.3959,56.3937,41.4681
1972-12,34.7928,51.0605,92.2597,63.3456,56.6438,37.674,96.9484,24.7895,41.6545,58.8465,91.1415,57.2372,40.9245
1973-01,33.856,50.8072,79.4889,65.186,57.9834,37.2538,99.3585,24.4918,43.332,61.2941,85.9705,55.1272,44.0613
1973-02,32.5077,50.8564,67.2754,67.0941,60.7049,36.0946,104.0466,25.7268,45.3741,72.436,87.9505,55.2803,48.9058
1973-03,31.498,48.4713,60.6097,67.4995,63.6197,35.3024,107.8055,27.5221,49.878,80.3533,87.616,57.2674,53.8403
1973-04,30.6932,46.5389,61.2107,67.6835,67.528,33.0113,113.5289,29.7058,53.7874,84.1729,88.0736,57.0435,56.1971
1973-05,31.3999,46.0954,62.4189,69.4468,71.4637,35.9612,117.655,31.699,62.4047,87.6493,89.2296,61.2764,55.6976
1973-06,33.9671,44.7867,65.1934,69.1241,71.9818,35.8758,117.6295,32.7462,63.8837,110.0961,92.5584,68.6145,56.2337
1973-07,33.9226,42.8765,62.7436,70.2114,63.7527,33.8498,108.7445,28.0606,49.6619,107.7167,92.7385,71.3189,58.1027
1973-08,34.1431,45.6725,63.7291,73.7702,59.3309,33.7236,103.4647,25.573,43.2777,99.9806,92.6462,68.6628,57.6755
1973-09,33.1141,45.519,70.1886,86.6336,56.0523,35.9191,100.349,22.8472,37.3725,91.9192,92.7929,65.599,55.0821
1973-10,34.2147,50.3832,89.6334,83.9419,55.2223,39.1057,98.1382,23.867,34.9359,75.5451,92.5125,60.5108,50.8958
1973-11,34.949,53.3348,95.143,74.5128,54.8974,38.3257,97.5852,24.9589,32.302,66.1446,94.1652,58.6175,46.901
1973-12,35.7834,53.1461,91.6248,64.642,57.8444,36.0692,99.6317,27.4359,37.9901,61.7268,92.1394,58.6801,47.0563
1974-01,35.6088,55.0259,77.23,62.0003,59.6575,37.7643,102.7434,28.2398,38.5466,63.1808,88.0038,56.6367,50.8826
1974-02,33.9514,55.6428,72.7931,66.1333,62.6244,35.4941,106.8859,30.7431,41.1575,75.5855,87.4503,55.8666,52.3114
1974-03,32.7432,54.5249,67.2352,64.4013,65.5844,38.302,110.1542,32.5626,46.6999,84.5379,87.0666,56.801,58.3761
1974-04,31.8903,51.027,58.6064,64.2966,69.9074,37.9689,115.4906,33.7925,54.9711,84.859,86.6315,56.8244,57.4836
1974-05,33.2941,51.1108,64.9621,65.0975,73.296,37.9095,120.1503,33.3819,63.0649,90.8295,89.4002,61.3083,62.1111
1974-06,35.4679,52.8179,69.2915,69.8287,75.0484,38.9957,121.4619,34.1201,68.0473,110.2547,91.9277,66.5801,70.5513
1974-07,35.996,51.3804,57.5179,70.2041,68.0549,36.3599,112.8776,30.1205,58.71,104.2233,91.7525,69.2645,66.3491
1974-08,35.7461,52.7987,61.9977,74.6787,63.8636,38.6593,108.0736,28.0076,51.2126,101.3504,91.807,69.4301,62.6052
1974-09,35.5689,52.8072,61.1319,85.4297,59.9975,39.6509,105.4086,26.8841,38.182,89.7633,91.6804,61.9802,57.5427
1974-10,35.1268,55.4107,86.4595,80.8478,57.948,40.8204,101.9491,26.8271,34.5405,73.9316,91.0089,58.7878,51.0134
1974-11,33.8649,55.5538,88.1385,70.6888,57.1527,37.8715,100.6572,26.3474,33.8614,66.3695,90.3724,57.8073,47.038
1974-12,34.6019,54.0243,75.7634,62.3377,60.7863,35.6176,102.8103,27.2281,45.0525,61.2611,88.1716,57.941,47.4498
1975-01,33.2701,53.4621,58.4481,59.3924,62.2845,36.4086,106.021,26.946,46.0144,64.472,82.6789,55.2537,51.0561
1975-02,33.0473,53.8,45.9752,62.6945,65.1938,35.694,110.4245,28.6453,48.8058,75.659,83.7131,53.8629,51.3356
1975-03,32.8316,52.6446,44.2089,61.9674,67.443,34.9888,114.0434,30.6895,49.0784,85.4416,84.2949,55.1558,53.0014
1975-04,32.7117,53.7098,52.1356,61.9498,71.5778,35.74,119.5795,32.3627,56.267,85.3638,84.0796,56.2825,60.2376
1975-05,33.1931,51.8342,53.0585,63.3377,75.7347,33.13,123.707,34.8276,65.9193,97.6661,87.4372,60.5268,58.0814
1975-06,35.2799,54.2452,55.2547,70.412,76.4975,35.2219,124.0152,36.5381,66.978,113.8873,90.6966,68.283,67.7186
1975-07,35.8438,54.0525,54.3151,70.7348,68.0097,33.4693,114.7542,31.9696,52.9741,108.4895,91.6984,71.1228,63.3826
1975-08,36.1476,56.9158,58.287,69.2357,63.0987,35.8104,109.8517,28.9628,43.6516,105.1578,93.1153,71.3778,61.6799
1975-09,36.2783,58.0366,57.7428,81.2204,60.7661,37.8166,107.6217,28.1156,37.5044,90.401,93.7254,66.3684,54.7861
1975-10,36.6064,61.1713,83.8241,81.3673,59.3206,39.5076,105.3627,27.6325,34.4475,75.9578,92.9931,61.5923,49.7971
1975-11,35.9857,59.3245,91.8427,72.562,58.7488,38.4102,104.826,26.7708,33.8686,70.4379,94.1691,60.9192,50.0357
1975-12,37.8467,57.8527,88.7841,63.7098,62.4766,36.7239,107.2995,29.6785,41.1617,62.9408,94.6371,61.1713,48.2745
1976-01,37.292,58.433,76.3709,61.6003,63.8409,38.3914,109.8315,29.7285,41.8321,62.1361,90.6052,58.6248,50.6576
1976-02,36.4172,59.8847,65.2482,65.3625,66.0447,38.0545,113.3895,30.2437,44.8132,74.2916,91.2529,58.0667,54.1709
1976-03,35.1935,58.4571,53.8063,64.7119,68.8268,40.5415,117.1698,32.8179,47.5469,87.2367,90.8001,59.5697,47.7711
1976-04,34.6114,57.8611,55.9583,65.1631,73.4299,38.4105,123.0029,35.3792,54.5049,90.413,92.2156,61.3631,57.7474
1976-05,36.4167,59.0132,61.2559,68.2604,75.5319,37.6324,125.8969,36.2566,57.239,94.449,93.1547,64.2497,65.7206
1976-06,37.3792,58.8407,59.265,71.2977,77.0962,40.4971,126.0194,38.0618,62.4574,110.3707,95.9297,68.412,67.1504
1976-07,37.223,58.2935,60.2855,72.6256,70.1133,38.977,117.7069,33.4519,53.8165,107.7996,95.2147,70.3873,69.3447
1976-08,37.369,60.7588,62.3481,75.9226,66.1619,43.4337,113.8665,31.9786,45.4564,104.1459,94.8475,67.7767,69.1739
1976-09,38.0218,60.9007,67.059,88.0785,63.4571,45.3011,111.3126,30.3274,40.4585,92.5304,94.6306,64.2678,61.7286
1976-10,38.1768,61.3572,94.1793,79.8658,60.9537,46.796,107.6803,28.5254,37.3713,75.3426,93.1627,61.7157,59.3117
1976-11,37.9336,59.7217,97.5425,74.6838,60.6993,44.5314,106.5582,29.5362,36.8946,67.7482,93.8579,61.0994,48.9874
1976-12,38.932,59.5277,99.6218,66.6596,63.7761,41.3897,108.3216,31.3766,44.5501,62.6841,93.8796,62.0926,46.7586
1977-01,38.1985,60.2028,85.1323,65.7253,63.986,41.8738,110.4831,29.7378,43.5622,63.9747,87.7994,59.4979,53.3988
1977-02,39.1273,64.2415,78.6938,70.03,67.3522,42.1109,114.8019,31.3114,49.3758,75.3053,88.3904,60.9043,54.8382
1977-03,38.2683,64.7931,67.5275,70.4996,70.3276,42.944,118.1347,33.5901,54.1121,90.3147,88.3548,61.7504,68.2719
1977-04,37.985,59.3344,66.38,71.2638,75.4371,41.5543,123.8527,35.3005,64.8809,92.9676,88.2688,63.4275,72.0884
1977-05,38.9722,59.7137,67.957,67.4742,78.3342,40.0479,126.9298,36.561,70.97,99.4447,89.2757,67.4307,74.1954
1977-06,41.1679,59.747,68.2077,69.1113,79.4248,42.6583,126.7946,36.5717,77.1808,115.0989,91.9124,73.7574,75.0042
1977-07,40.8315,57.5097,66.0152,71.634,73.1275,39.0938,119.5679,31.3188,70.5456,112.6974,91.4551,75.9741,72.4608
1977-08,40.5504,61.2575,67.9715,77.3251,68.5635,42.7126,116.3374,30.7234,55.5645,106.761,92.4265,75.9913,65.8181
1977-09,41.1702,61.14,73.2254,87.5429,66.2906,43.802,114.0622,28.8671,52.2753,92.0197,93.0051,70.9312,59.6673
1977-10,41.1706,62.4635,94.8798,82.2325,63.9767,44.864,110.7914,28.3619,47.3371,76.2702,92.0365,67.2875,58.2665
1977-11,41.5722,63.6112,92.2255,75.4498,63.0134,43.8396,109.5469,28.1143,45.5922,67.6102,92.6442,66.8443,54.6969
1977-12,42.6591,62.0958,98.199,69.5129,66.2811,40.7903,110.9347,30.7289,53.285,61.6376,93.1991,67.5677,53.8305
1978-01,40.6676,60.7037,78.2847,67.2359,66.8242,40.8521,112.9215,29.381,53.7196,62.0842,87.7999,64.1941,59.1689
1978-02,41.8403,62.7818,69.9303,69.3043,68.7186,41.9575,116.1105,30.9813,53.9525,73.1007,87.8417,64.851,64.0428
1978-03,42.0234,64.4006,66.4863,70.515,72.1899,41.1888,119.0652,33.6166,60.5681,84.1942,88.6659,67.85,70.5831
1978-04,40.8332,63.4669,67.3613,69.0491,75.523,42.4294,124.3197,33.3213,67.0107,89.3366,89.0011,70.4599,77.5155
1978-05,40.557,60.645,66.7801,72.0315,77.9552,41.1801,126.1892,35.1121,72.3015,92.739,90.2258,71.0609,74.1646
1978-06,42.8569,62.3522,68.0946,80.9352,79.5003,41.3593,126.0722,35.9511,78.6982,111.6701,92.7653,79.4133,78.8302
1978-07,42.3579,59.3316,63.1467,78.2515,71.3239,39.9221,117.8999,30.5953,65.7617,107.2555,92.4299,80.2498,79.8943
1978-08,41.7257,63.8601,66.1613,82.6079,66.9367,42.6298,113.5793,29.6924,55.2227,104.0116,93.2282,79.1194,78.9643
1978-09,42.3442,62.925,72.12,90.6954,63.4645,43.4722,110.7941,28.2475,46.1723,90.9006,92.9782,75.914,70.6407
1978-10,42.2752,66.7312,91.5654,85.9383,61.3727,45.5604,107.4026,28.6961,41.0062,79.4303,91.4013,71.6861,66.8091
1978-11,41.6383,64.5361,97.3533,79.0592,60.1775,44.3073,104.8268,29.5797,38.4927,68.0972,92.6267,70.5333,58.9434
1978-12,42.7466,63.7517,99.4282,71.2175,62.2286,42.0619,104.8689,30.7541,45.0657,62.5995,92.3159,70.8979,60.7217
1979-01,41.7366,60.6586,85.9585,65.7158,62.3049,41.6157,106.3368,29.8085,43.7692,63.2114,87.3714,68.4961,61.0631
1979-02,41.028,62.3288,73.8648,70.5249,64.3761,40.0679,108.7212,30.6289,47.8557,74.1759,88.1084,68.4853,67.8181
1979-03,40.2391,63.4307,70.6219,68.8489,67.2956,41.3367,110.5433,32.7695,54.8378,86.7041,89.0238,71.1795,75.453
1979-04,39.0441,61.742,67.2077,69.858,70.9841,41.357,114.0701,33.3712,64.458,91.4961,89.0362,71.08,77.3964
1979-05,39.5135,63.918,68.2578,71.0944,73.6414,41.5494,116.258,34.448,71.2307,95.007,89.5936,74.1656,73.6716
1979-06,41.0409,63.562,70.6167,75.1814,74.7423,42.6228,116.3059,35.9399,74.1811,110.461,91.5996,79.5578,77.1132
1979-07,41.2388,63.0426,65.1248,72.5861,67.827,41.6798,109.3301,32.2217,61.5588,107.5035,91.2267,79.7127,76.1046
1979-08,41.3876,65.4012,67.1413,80.3742,64.5041,44.4945,106.2361,31.2448,53.766,107.1211,91.8952,80.513,71.9664
1979-09,41.5636,63.5751,70.3602,86.9906,61.4613,43.332,105.1542,30.3868,42.8145,95.6277,92.3244,76.7236,69.9539
1979-10,41.9488,65.0633,88.0263,82.7562,60.5951,47.4821,102.5084,31.1829,41.5811,79.8576,92.0026,72.7603,65.3322
1979-11,42.6668,65.8032,92.9264,72.8943,59.8576,44.7904,101.2882,30.3176,41.9046,68.1141,93.7651,71.1909,58.4347
1979-12,44.2927,65.4376,91.9604,67.8914,61.7726,42.6815,102.6587,31.3238,46.3119,63.491,92.3729,71.2506,58.806
1980-01,43.787,66.355,75.677,65.0785,63.2392,44.3943,105.1648,31.7299,47.4569,67.2001,87.2563,68.4089,62.3226
1980-02,42.0323,67.1866,73.5049,71.7331,65.9295,43.3134,108.669,32.9804,51.5371,76.6916,87.2591,66.9284,68.9695
1980-03,42.4068,67.0217,64.8382,70.1192,68.0563,43.8661,111.4791,34.6353,53.5194,86.1666,87.4619,67.9674,74.9445
1980-04,41.2265,62.3196,57.0723,69.2356,72.5039,45.6657,115.9503,35.5334,64.8408,88.2806,86.9193,69.4501,73.2904
1980-05,41.4598,62.7093,64.7393,69.346,75.25,44.9829,118.7987,36.9277,70.1719,92.4681,88.9746,72.2895,77.9832
1980-06,43.5261,65.2081,67.0362,72.969,75.7182,45.0345,118.5126,38.1616,71.0646,108.8121,90.4243,77.3458,82.885
1980-07,43.464,62.9012,61.8606,73.6014,69.7125,41.1212,111.439,34.2192,63.2119,108.2165,89.9502,79.1977,79.5294
1980-08,43.643,66.8959,67.2932,79.52,65.9652,43.212,107.857,32.746,54.546,108.1979,91.0903,79.0883,81.6148
1980-09,45.9305,66.8612,67.9049,88.2389,63.9953,44.7283,106.0162,33.8516,46.0525,90.9541,90.9911,74.3157,72.269
1980-10,46.0418,67.2717,87.8421,82.6479,62.4982,47.416,102.6965,34.4036,43.5222,76.467,90.0497,68.6467,66.6453
1980-11,44.3729,66.8525,92.9684,73.5837,61.5687,45.3034,100.9813,34.0269,42.8625,66.6943,90.4678,66.2181,64.2926
1980-12,45.5449,66.2157,93.2555,68.1556,64.5137,43.8904,100.9844,36.9807,51.2916,64.0641,90.3538,66.8065,56.9027
1981-01,44.8477,64.2633,83.9206,63.9318,65.3127,45.736,102.9928,35.7155,53.5605,60.7476,85.2043,63.7658,58.1231
1981-02,43.5609,65.8381,78.8002,69.4504,67.818,44.7601,106.1398,36.7106,58.0759,76.7227,85.3891,63.4857,71.0419
1981-03,42.5791,67.373,67.9846,67.5153,69.937,46.4282,107.8951,39.0713,60.5047,86.8834,85.4098,63.3687,74.8701
1981-04,41.6407,64.084,67.9081,66.8729,73.3996,45.6178,110.7669,40.9904,68.3713,89.3102,86.6037,65.1407,79.3818
1981-05,42.2893,66.8562,72.5286,66.5427,74.262,44.3757,111.6069,41.2189,70.5799,93.9896,87.5096,68.1275,86.8803
1981-06,43.7439,68.596,72.2513,68.0928,73.6795,44.2365,109.8534,42.2305,69.3062,111.0287,90.0282,72.6176,84.3366
1981-07,43.472,65.7604,68.9855,69.2384,68.0341,41.892,104.36,36.8772,62.8976,111.1307,89.7779,74.5326,82.0615
1981-08,44.4672,68.0883,71.174,74.8735,66.0128,44.9407,102.0619,35.5346,59.8202,106.4541,90.794,72.8735,82.7303
1981-09,45.6775,70.8876,72.5345,83.0669,64.439,46.786,101.1321,35.9859,52.8888,91.7613,91.7367,68.2944,72.2636
1981-10,46.0731,70.3415,103.2366,78.0726,63.4032,48.4634,99.5229,35.6742,51.0376,77.1705,90.8547,64.3189,66.2067
1981-11,46.521,69.1133,101.938,73.6264,63.5354,47.2373,99.7978,35.7607,50.914,71.2567,91.6167,64.5645,63.7394
1981-12,48.4212,66.8962,98.7426,66.596,67.0825,46.2744,101.7729,38.4753,58.1335,66.8151,92.1757,65.9421,62.6607
1982-01,47.3363,67.8711,83.7032,63.9792,66.9094,45.9685,104.4265,36.1235,56.4815,62.278,86.8649,62.7663,73.1163
1982-02,48.1154,70.2657,81.0889,67.0721,69.4614,45.5912,108.4813,37.5265,58.6407,77.2827,88.3736,64.6944,77.5682
1982-03,47.3423,67.7669,72.4235,68.2465,72.184,46.1387,111.2366,39.9135,61.909,88.7959,88.606,65.374,80.7682
1982-04,47.6256,65.2096,64.1086,66.226,75.0005,45.3202,114.1332,40.7162,67.9141,86.5305,89.4759,67.1426,85.5427
1982-05,47.7028,64.3841,66.5909,64.883,75.6659,44.4514,117.0757,41.0512,65.4798,93.6493,91.8299,71.431,92.7209
1982-06,50.6934,68.2902,68.4003,71.0681,76.4217,46.5906,117.1264,42.1282,67.576,107.2899,93.6823,75.9432,87.3283
1982-07,50.8069,65.2884,66.429,73.3135,69.4205,43.1746,111.9241,37.8474,54.6953,101.4821,93.6022,77.33,81.4093
1982-08,50.2535,69.4089,67.6733,81.2836,68.012,46.6349,108.9532,36.9223,54.9524,98.5257,94.1364,77.843,84.8259
1982-09,51.2627,69.8582,70.7389,86.9436,68.2483,47.5176,107.5061,37.2829,57.1997,86.4686,95.428,74.7462,75.8293
1982-10,51.843,68.9797,99.3045,83.6052,66.1446,49.7437,105.122,36.9738,51.5359,72.3078,93.9977,70.2367,74.6403
1982-11,51.0308,69.5069,100.0089,73.8746,65.9057,47.3447,103.7642,36.4177,53.8798,66.2398,94.3557,69.0691,66.1388
1982-12,51.7655,67.9906,100.2309,67.1658,66.9729,44.5666,104.4245,38.5712,52.8471,61.6641,93.0073,70.6828,61.8239
1983-01,51.892,67.7084,82.8401,69.1433,69.603,46.9514,106.5948,36.8282,62.0903,63.7255,87.3588,66.9246,72.8405
1983-02,50.9242,67.1297,75.8963,70.2749,71.792,44.635,109.7138,37.8997,65.4499,74.5953,87.8999,67.3307,76.5647
1983-03,49.7398,67.6865,67.8765,65.8677,74.0133,46.2238,110.7842,40.3631,69.3611,86.9172,88.5255,68.0521,77.4426
1983-04,48.7209,65.3734,64.1958,66.4197,76.3986,46.1951,113.3429,40.3979,75.4684,83.7847,88.9417,68.5012,90.222
1983-05,48.3989,66.4819,65.8018,69.6243,78.6559,46.4367,115.378,41.5282,80.4145,94.6367,90.5768,71.5843,86.8858
1983-06,50.331,69.415,65.1125,75.1508,80.4012,48.4168,115.7225,43.4267,84.7801,110.5584,93.4043,76.8361,88.0997
1983-07,49.8767,68.5064,66.4801,76.3139,74.1644,44.923,110.1199,38.0666,76.8933,107.8748,93.2317,78.8659,89.8948
1983-08,49.2338,73.379,69.2927,81.3127,70.7278,47.9335,107.0425,36.216,70.6073,105.6151,93.2009,78.9346,83.2839
1983-09,50.0622,74.9076,72.204,91.8883,69.3286,49.1977,106.8587,36.7694,63.4372,96.1825,94.2318,75.518,74.4239
1983-10,49.6561,71.8537,96.2073,78.324,69.4235,51.6702,105.791,37.5972,63.1094,79.3072,93.7927,69.7522,74.4108
1983-11,48.8639,68.5985,92.7805,74.0836,70.6939,48.873,106.0907,38.8303,65.9115,70.5733,94.4576,68.6543,64.3011
1983-12,49.8412,68.7655,90.5952,65.9462,72.9172,46.2757,106.9054,40.3652,70.8218,65.7919,93.815,69.6703,57.5622
1984-01,51.3246,73.3204,81.7505,66.1418,71.757,45.4792,108.1374,37.3788,68.8752,67.2132,88.9531,66.8895,66.6282
1984-02,49.0653,70.75,75.1963,66.1623,73.0951,45.645,111.2676,38.5176,68.3237,85.8885,89.2472,66.4775,72.4026
1984-03,48.0842,70.4185,68.7295,67.9358,75.2314,46.7581,113.1672,40.8234,70.4652,97.0888,89.7912,67.9496,81.64
1984-04,47.6839,71.4177,65.9086,70.2676,78.4597,46.4084,117.2444,42.1535,75.2555,102.1573,91.1846,70.1876,82.478
1984-05,47.9371,73.3198,67.8299,69.7593,80.8211,47.3803,119.5939,43.2457,79.5769,108.6909,91.9921,72.9101,84.5872
1984-06,49.7833,73.3404,67.6371,75.5015,79.4911,47.9964,118.7935,42.98,76.3943,129.2666,94.3174,79.3887,88.676
1984-07,48.8415,71.4452,66.9695,78.8162,72.9088,44.9608,113.0114,38.0632,67.0718,125.5418,94.251,79.1307,89.923
1984-08,49.9303,75.2963,70.7315,85.3401,68.9789,47.7714,110.0939,37.148,57.4449,116.9936,94.6019,76.4934,79.4901
1984-09,51.4962,75.4397,74.7806,92.9915,67.1237,48.9204,109.2331,36.9029,51.5705,107.2405,95.7711,74.2514,73.294
1984-10,52.3131,76.7296,97.6665,94.6367,66.2859,51.9119,106.598,37.8862,49.8956,88.5515,95.806,69.6455,68.5664
1984-11,52.9648,79.0496,100.5774,78.2669,65.4957,48.3821,105.6518,37.7105,48.27,80.6465,97.9872,68.7387,61.6823
1984-12,54.2889,77.6494,98.2306,73.3711,68.2282,46.5581,106.211,39.0001,55.8381,74.212,97.5484,69.3282,62.2536
1985-01,54.51,78.5881,85.0569,70.2187,68.6898,47.9229,108.1825,38.6541,54.7617,76.4163,91.8631,68.1107,70.3921
1985-02,53.5057,78.0634,75.858,71.6271,70.8837,47.0983,110.5561,38.9611,59.7467,86.8852,92.888,67.1877,75.1731
1985-03,52.574,77.2896,68.9151,71.4719,72.3725,48.123,112.2132,40.3032,61.328,101.5525,93.8383,70.9224,81.073
1985-04,53.0353,79.2541,66.3601,68.2494,77.5045,49.3581,116.6591,43.3955,71.1452,105.1928,94.2037,74.2349,85.1582
1985-05,54.0615,80.7275,67.3397,72.1703,80.3144,49.8946,120.013,44.3429,76.5044,114.6719,95.679,80.5447,85.7393
1985-06,55.9015,82.6431,66.0386,81.7954,80.5321,49.9531,119.7283,44.3602,78.1248,131.001,96.2603,83.8688,92.0232
1985-07,55.8551,81.2828,65.4801,78.0593,77.5456,47.798,115.7105,42.5903,74.9611,124.9018,96.6245,84.9391,84.2995
1985-08,56.6876,84.0481,69.589,86.7412,75.5599,50.6338,113.2566,41.0782,72.6546,117.8107,97.1621,83.6405,81.8075
1985-09,57.7044,85.9548,77.9556,96.092,72.5321,50.8437,111.294,40.2161,63.3763,104.3909,98.3012,79.9345,71.3388
1985-10,58.7322,85.107,97.755,85.1946,72.5901,51.7306,109.3374,41.93,63.5766,86.4983,97.7916,75.1315,64.6616
1985-11,57.3682,81.632,98.987,74.3707,71.8482,47.7575,108.5495,41.8097,61.8756,74.8971,97.1801,75.3897,62.672
1985-12,59.5167,81.6408,101.9616,68.8589,73.9519,46.9283,108.5481,43.3159,67.9952,70.8604,98.0336,76.0979,61.3138
1986-01,58.6235,80.0451,84.798,72.2781,76.0635,49.2193,111.231,42.8523,73.0498,73.9219,92.6026,75.4235,70.2839
1986-02,56.168,80.9572,81.5309,73.4814,78.4221,48.2081,113.5868,44.0564,77.3649,89.2277,92.3852,75.1493,77.1875
1986-03,55.5768,78.3322,68.6293,73.7427,80.1303,48.0699,115.024,45.8312,79.6211,100.3609,92.9755,76.9336,78.3947
1986-04,54.7517,79.3386,64.1284,72.4841,84.2532,51.748,118.1701,47.9958,88.3219,104.6491,93.5279,81.1469,83.7016
1986-05,55.7558,78.7583,66.6297,75.2541,86.453,50.0277,120.6162,49.1576,92.0885,113.6755,94.6073,85.4298,85.219
1986-06,57.1013,83.8174,66.8552,77.8409,84.603,50.4422,119.002,48.5266,88.4331,127.7491,96.9594,87.6845,90.9359
1986-07,56.4515,79.6242,63.9242,80.7324,77.7798,47.9328,112.7636,45.1386,76.1071,121.728,97.4159,90.4601,82.5933
1986-08,56.6937,82.1409,69.2829,88.9428,73.7068,50.2926,109.8041,43.8942,66.3536,119.4737,98.0197,86.7783,82.2791
1986-09,57.37,80.4689,77.0439,93.4988,71.3712,51.1406,107.5009,44.351,59.517,97.1883,99.3433,80.5758,72.624
1986-10,56.8263,83.2026,100.9656,86.873,69.0947,52.5661,105.0582,43.1416,55.8723,86.6922,97.895,76.5876,71.9382
1986-11,57.7874,82.5078,104.0265,79.6208,69.1878,50.3957,104.7749,43.7696,55.5796,77.2178,98.5628,75.9018,69.8605
1986-12,58.7927,81.8,100.5664,78.8324,73.5554,49.6434,105.7817,46.5879,66.399,70.8428,98.1911,76.1446,65.535
1987-01,57.0448,76.9284,84.6629,71.3378,73.0667,52.9655,108.6053,44.8712,63.0558,74.1773,92.301,76.1795,75.4358
1987-02,56.2806,79.881,82.1386,71.9497,76.3817,51.1564,112.4929,47.0366,67.3741,94.8264,94.2523,75.8175,84.9729
1987-03,55.518,80.168,72.8498,74.3984,78.2146,52.6492,114.5194,48.8266,68.9838,103.915,94.0392,76.3493,88.7695
1987-04,54.793,74.2695,67.3719,73.8897,83.0039,52.4435,118.2804,51.0073,78.9831,107.1379,96.1674,77.4996,88.3695
1987-05,55.1747,78.4505,67.9679,77.2141,85.9339,51.8681,121.0967,51.058,86.3821,117.1566,97.336,85.2534,91.0447
1987-06,56.067,81.6666,68.9499,82.3343,84.3567,53.7872,119.9554,51.3803,82.0515,132.3978,99.0488,88.1267,95.6705
1987-07,55.4235,80.6989,66.2932,84.4414,79.2081,52.2702,115.5036,48.4053,73.2455,127.7812,99.332,87.777,89.8981
1987-08,55.9906,81.5939,72.7252,91.7516,74.6787,55.2026,113.0139,45.3506,64.1752,124.043,100.1199,87.2671,89.2158
1987-09,57.8676,82.359,79.0245,96.7653,73.8557,57.6953,112.4042,47.2578,58.441,107.0435,101.0724,82.2042,82.4756
1987-10,57.3043,81.0587,105.8804,90.3265,74.2516,59.8175,111.7856,47.4997,59.6955,89.6767,100.4263,78.0068,79.2472
1987-11,58.2387,83.3571,108.6866,78.8465,74.2624,57.0434,111.9195,47.1005,59.8834,84.892,100.9304,78.5861,71.8586
1987-12,59.4898,82.538,106.7699,74.0161,80.0059,55.4183,114.101,49.4261,74.4375,79.9536,100.9245,82.1221,68.6167
1988-01,58.3787,81.3696,83.3933,70.2938,79.2157,56.8791,115.9475,46.0715,72.2845,80.1564,94.8239,79.9622,84.1929
1988-02,57.4471,79.1222,82.9553,75.3955,82.7674,55.4469,119.4409,48.712,77.3232,98.3369,94.2629,79.5855,86.1633
1988-03,56.9988,78.8911,78.234,74.4815,85.232,55.7302,121.9967,51.1985,80.4746,115.4726,93.542,80.3233,85.4874
1988-04,56.7849,78.8372,70.3621,72.1954,89.2351,55.9415,124.5737,50.996,92.0899,119.772,93.2209,85.1076,93.9432
1988-05,57.4531,82.9622,71.7888,75.252,88.8645,55.8793,126.13,50.5681,89.7408,130.4813,94.7459,87.3255,94.7953
1988-06,57.4755,84.7734,75.5508,81.1397,88.5084,57.8563,124.9998,50.908,90.7774,151.4436,95.6756,93.635,95.9977
1988-07,58.3616,85.618,79.0292,83.85,80.3571,55.4002,119.6858,46.9542,73.4099,145.9368,95.7418,95.9648,95.6779
1988-08,59.801,85.7229,85.3995,94.3327,76.3808,57.777,116.1903,45.5776,65.4963,141.2221,95.5231,95.0346,87.5691
1988-09,60.5658,83.1543,89.2882,98.398,76.7166,59.1968,116.0254,48.1392,62.4047,117.7796,96.3297,85.2783,81.0835
1988-10,60.8475,86.3424,109.5193,89.1656,74.9552,61.8683,113.7895,48.4533,57.5325,100.4338,95.596,80.2555,81.847
1988-11,61.6406,86.8059,107.5796,81.6601,74.7582,57.8265,113.2458,48.9116,56.9298,88.0671,96.418,81.3814,71.9287
1988-12,65.7292,85.7964,106.6763,75.5537,79.4417,55.8415,114.6813,50.2,69.6444,83.3667,96.1795,82.6244,66.9388
1989-01,62.5246,82.3045,89.692,75.1736,82.1514,55.9442,116.6836,48.4104,78.1347,87.9,90.0667,76.8413,81.463
1989-02,61.4831,81.8092,89.1694,74.228,83.8816,56.4439,119.161,48.65,81.0026,104.6817,89.27,76.3739,85.657
1989-03,61.65,81.6678,81.3915,76.1228,84.4,55.7201,119.5995,51.1308,79.4271,115.7957,89.6005,78.0546,86.7101
1989-04,61.3778,84.3785,77.309,76.1278,85.9073,58.2858,121.3815,50.2955,83.8885,121.5567,89.7305,81.5792,95.0285
1989-05,61.6539,85.1637,76.5912,78.9471,84.5782,57.9036,120.3803,51.7222,79.608,126.4874,91.2773,84.8788,91.2425
1989-06,62.5847,86.9306,78.8907,86.7502,80.0825,59.9467,115.8664,51.5222,70.6781,140.8963,94.0012,90.2694,97.4686
1989-07,61.435,82.6812,78.1569,84.8569,71.4004,56.3422,110.0009,47.2272,54.5329,135.4611,93.3632,91.9307,97.0575
1989-08,62.1558,86.9022,84.0984,97.7051,69.546,60.5757,108.1642,46.6826,50.8556,128.6659,93.9473,88.8082,94.6581
1989-09,62.6252,85.8606,87.9659,102.7902,68.0292,60.7468,106.5377,47.4387,46.2161,110.8319,94.5122,83.858,83.7222
1989-10,64.6082,88.2033,104.5076,95.4247,68.1946,62.6483,105.542,47.3494,47.4159,97.7249,95.2378,80.2616,83.4582
1989-11,65.3873,89.4041,107.344,84.0993,69.1263,60.6854,105.9342,47.6152,49.88,91.018,96.5957,80.2288,78.3911
1989-12,65.6962,90.5348,109.6721,79.5688,72.8572,58.5579,106.8755,49.803,57.9891,86.2821,95.6569,79.601,73.2583
1990-01,65.5715,85.4561,87.027,79.5167,76.71,58.3844,109.9755,49.883,66.7291,82.7891,90.5377,75.1034,84.6988
1990-02,63.6538,87.0228,88.0922,80.786,78.0187,58.496,113.2086,51.019,65.8248,104.1081,90.9672,74.8028,92.5323
1990-03,64.6807,85.8776,82.5562,79.6503,79.085,58.7075,115.3928,53.6593,64.2738,117.6661,91.3409,76.6489,95.2662
1990-04,63.3306,84.9099,76.9706,75.8737,82.0161,58.7708,116.6926,54.368,71.6159,122.3472,92.7448,78.8963,99.1359
1990-05,64.4796,85.3939,77.2023,77.8556,82.4129,59.1258,116.9785,54.9187,72.4324,126.9464,92.9367,84.2221,97.9954
1990-06,66.0347,91.7625,80.7726,82.0919,81.4509,60.6679,114.828,54.8088,72.4994,141.7437,94.8813,87.8739,103.831
1990-07,65.3641,91.0316,84.4701,86.126,75.6101,57.7573,110.298,51.2748,62.7618,144.0977,93.3127,91.2205,100.0484
1990-08,65.8384,91.953,89.126,101.0334,72.2931,61.339,107.516,50.9066,55.3308,129.4984,94.8305,88.672,99.9348
1990-09,67.4575,92.2575,94.6399,106.1923,70.0016,60.8755,105.4268,50.6432,49.925,114.7849,95.4467,85.7532,94.2319
1990-10,67.5699,93.2366,108.4132,101.5028,71.6535,63.031,104.9077,52.9506,52.7893,98.6782,95.9619,82.3411,87.6177
1990-11,69.2136,94.6121,116.0155,90.4346,74.9815,60.465,105.618,54.1043,61.8583,88.2084,96.8997,82.5956,84.7584
1990-12,69.2888,92.3209,117.0681,82.0067,77.4772,57.259,106.572,55.6896,66.6256,86.0144,96.1777,83.3852,78.26
1991-01,69.3114,88.52,93.562,78.9847,77.782,59.8901,108.0103,54.0717,67.6337,85.5438,90.1734,79.7731,85.663
1991-02,67.1173,89.243,96.9483,79.7401,79.9601,59.4401,110.9481,54.9628,70.6299,105.1973,90.5838,77.8797,90.707
1991-03,67.1145,87.5653,91.18,80.227,81.4294,58.054,111.5912,57.5643,71.7264,118.4905,90.3087,80.5537,91.1988
1991-04,65.7363,87.2028,83.536,81.1075,84.0203,60.9436,112.9533,58.1291,78.3391,123.4273,89.4631,83.2131,94.4576
1991-05,65.247,90.3256,82.5493,84.8786,83.741,59.1369,112.1412,58.1897,78.6592,128.3364,92.0767,87.8461,99.6067
1991-06,65.3393,93.6711,89.3206,87.61,79.1267,61.4881,108.444,57.5057,68.3501,157.9838,93.678,92.7844,112.4621
1991-07,63.1841,88.4897,87.153,93.596,73.8696,58.5311,103.576,54.3941,60.3765,141.1198,92.5064,94.0166,105.344
1991-08,64.3259,92.5226,95.5916,104.5235,71.567,62.8369,102.0173,54.0207,54.7287,136.1025,94.4862,91.9114,101.1637
1991-09,65.5946,92.9555,96.8362,115.0425,69.2991,63.3428,100.3541,53.9253,48.7589,121.3664,95.7549,88.4804,93.7087
1991-10,65.7534,92.4033,108.1982,111.7632,71.0287,65.9998,100.1393,55.3431,52.7374,104.0896,95.6689,84.461,89.6111
1991-11,66.7525,94.2831,112.8078,92.4637,71.0108,62.2008,99.7201,54.6364,54.0949,92.166,96.2585,83.1509,82.9018
1991-12,66.7245,92.5923,109.0628,87.0865,77.3411,60.4678,101.3506,55.2336,72.8297,89.277,95.3083,82.22,77.4033
1992-01,64.8913,89.373,91.0546,82.3896,77.5431,64.0407,103.5507,53.4042,73.2269,90.5035,89.6418,78.7779,85.7768
1992-02,62.7877,87.6881,89.7158,81.8623,78.2282,62.4493,105.095,54.1316,72.9819,110.7518,91.1994,79.2721,98.5813
1992-03,62.4193,87.9742,82.822,80.5539,79.118,63.8184,106.1058,54.359,74.8805,131.8745,91.4119,79.9833,104.1784
1992-04,62.8906,87.5757,80.2673,81.9599,80.3711,62.5297,106.6213,55.2096,77.7623,135.6352,93.0224,82.3028,104.2401
1992-05,62.2321,89.9379,78.1896,85.0227,80.561,64.5392,107.1885,54.0235,79.4823,143.2378,94.2858,88.0932,112.053
1992-06,62.7131,90.9907,80.8516,89.5607,81.3144,66.7822,106.5156,55.1715,81.7657,158.7833,96.1175,89.4802,110.1703
1992-07,63.5548,87.4172,80.2186,93.9012,75.8726,64.6005,102.8841,52.3952,71.0776,147.5232,95.6622,90.3335,102.3667
1992-08,63.1903,92.07,83.6887,107.3966,71.8349,68.13,100.3677,51.5349,61.2822,144.3865,97.4116,87.5944,104.0679
1992-09,65.1894,92.7991,90.5756,114.1034,71.0375,68.8871,99.5886,52.7998,57.4759,127.4568,98.4569,84.581,90.7621
1992-10,65.1019,94.865,103.4708,101.5767,72.6789,69.9552,99.3335,54.1587,61.5185,109.8601,99.1437,79.8554,91.191
1992-11,66.5059,92.0353,106.2513,92.3032,72.8911,66.2034,99.3699,55.178,60.7285,99.6417,99.9529,79.2796,86.276
1992-12,68.3466,89.6207,105.6659,87.5578,78.5426,64.6141,101.06,56.0866,76.7521,93.2648,98.6603,80.0006,78.2743
1993-01,67.6868,87.8468,91.4171,82.1935,77.636,67.287,102.2421,51.1058,78.0122,95.6693,93.452,77.547,88.7549
1993-02,66.3132,91.3078,89.018,82.6853,79.9314,65.4356,104.4103,54.2272,79.5605,123.8315,94.2783,77.3912,96.8821
1993-03,66.8865,92.1537,82.5404,83.9597,79.8479,64.9791,105.438,56.3652,75.5592,134.0441,94.2413,77.0922,93.7053
1993-04,65.2307,90.8319,78.024,83.1698,83.3186,66.2334,107.5542,58.3866,82.5218,141.2129,95.3153,81.864,97.2883
1993-05,63.3682,91.0899,77.0246,84.6143,84.7589,66.3139,108.865,58.3054,86.2163,151.0482,96.0677,86.2283,107.2247
1993-06,64.5785,93.6958,82.5868,90.8673,83.2583,70.4166,107.7142,58.9573,81.9933,165.6184,97.4619,88.9576,106.041
1993-07,62.1729,92.4943,83.3743,93.3887,77.2317,65.4029,103.6137,54.4972,72.5398,159.9184,96.7002,93.1986,100.3697
1993-08,63.0715,96.5135,90.09,111.3766,71.787,69.1365,100.3815,53.1395,59.3903,152.7183,98.7756,92.3176,102.4353
1993-09,65.0097,94.7255,94.6241,115.5827,70.3346,69.0634,99.2733,55.2192,52.6264,128.7128,99.5563,87.5555,89.5261
1993-10,65.2119,97.1972,108.7299,105.8862,70.7654,70.1525,98.4218,56.0114,53.5616,109.9248,100.2312,83.791,90.0892
1993-11,64.4223,97.5973,108.7017,94.6573,69.7968,66.3586,98.1434,55.4298,51.4223,96.628,102.0436,83.373,83.3099
1993-12,66.3467,96.5625,106.9258,86.3638,75.5868,64.3858,99.48,55.0805,69.7157,90.8064,101.5122,83.6648,78.2335
1994-01,63.9937,90.6644,91.733,82.0711,74.9358,66.285,101.4218,52.5829,67.8913,99.8061,94.5867,79.9145,91.5126
1994-02,61.9917,94.8934,87.7365,81.4558,76.1392,65.2067,103.029,54.3423,68.1566,120.1003,95.4287,82.1736,88.5507
1994-03,61.1451,96.5029,85.7617,86.1436,79.1254,65.4153,105.2493,56.9688,72.9033,134.6919,97.5267,86.2866,96.7512
1994-04,58.8097,91.3835,77.7865,87.2504,81.6403,66.1104,107.8782,54.8219,81.0737,141.722,97.378,89.8452,103.9298
1994-05,58.6127,91.7773,75.7714,90.7882,83.3274,65.5473,109.0948,56.2407,83.7302,145.2642,98.2101,94.2167,112.0636
1994-06,60.5715,94.0971,81.6771,96.0796,79.4189,69.0186,107.4419,54.836,74.5916,159.7451,98.7478,98.736,110.9557
1994-07,61.5417,93.5336,83.9942,95.2206,73.7738,65.4404,103.5408,52.2325,63.4603,156.354,97.6915,100.1353,111.1325
1994-08,62.4455,98.3242,89.6785,110.3189,72.1807,69.2513,102.182,53.4171,58.0406,144.0011,100.0304,96.5087,102.7573
1994-09,65.0021,98.3178,95.5768,115.8973,72.0505,70.3525,101.8092,55.6375,54.9129,121.6991,101.6363,92.2165,90.1494
1994-10,66.0953,97.6051,107.1678,104.1948,72.4277,73.5701,101.672,54.9522,56.9109,110.2729,102.2563,90.1403,92.2743
1994-11,66.4485,100.6991,107.2676,96.2641,73.0125,69.1959,101.9505,55.5975,57.8551,102.3903,103.9079,89.7345,86.4821
1994-12,69.5115,101.5774,108.8305,88.563,76.6683,68.6187,103.2122,55.9248,68.3273,94.4188,104.1486,91.8824,78.1115
1995-01,69.4874,99.517,93.7837,86.4921,77.9781,68.7408,105.7514,54.6838,71.0429,105.269,97.9031,85.6044,93.7045
1995-02,68.13,102.52,86.3938,86.4667,78.9721,68.7586,108.2439,57.0474,68.3299,122.9616,97.6993,85.7515,87.4234
1995-03,67.8837,101.9212,83.7547,85.288,82.0611,70.4872,110.0187,59.0479,74.9137,139.2933,98.5221,88.1661,95.7972
1995-04,66.9392,92.8685,82.0746,86.077,83.9394,69.7353,111.3692,57.5963,81.935,150.5011,98.5244,91.4087,103.8655
1995-05,67.4215,94.0576,81.4918,94.044,85.1592,71.0753,112.169,59.4364,83.2609,149.1536,99.6857,93.8744,103.3897
1995-06,67.6704,99.9085,85.5796,91.5262,83.7899,75.2492,111.151,59.9197,79.3058,174.9853,101.665,97.4321,107.0907
1995-07,67.5694,96.349,85.5314,98.7297,77.1699,68.966,106.3023,55.707,67.2364,173.5367,102.1635,101.1074,109.2448
1995-08,67.3892,98.6235,89.0621,114.2814,73.2458,71.684,103.2698,55.0949,57.7837,165.2306,103.2408,100.9904,103.5307
1995-09,67.5259,103.5212,93.3653,116.1912,73.3437,73.0554,103.0666,58.8479,52.5921,138.3655,104.5778,96.793,92.1511
1995-10,68.1955,99.7691,104.8774,105.9619,73.6264,74.0955,102.1619,58.3185,55.1534,127.4047,103.4367,92.5885,90.7528
1995-11,67.4041,98.5136,107.8928,93.463,73.7772,71.2885,101.7319,59.3074,54.9677,108.4178,104.4744,90.7542,83.5938
1995-12,65.689,92.1289,112.2929,88.4433,78.4407,69.0767,102.4003,60.0919,69.6022,96.0767,103.3859,90.4884,78.7637
1996-01,63.9289,84.8315,90.7618,87.1403,77.6424,69.5686,103.8143,56.8773,68.7022,109.1208,96.0115,85.3848,90.4103
1996-02,63.5236,86.2702,91.9497,84.3957,78.672,70.4337,104.8662,58.9355,68.6143,129.8431,96.5866,89.7112,92.4774
1996-03,62.1267,88.3153,89.6554,83.816,80.0729,68.8702,106.1998,59.4499,71.6496,145.8974,97.1271,93.9565,104.5545
1996-04,61.5912,87.7212,82.586,86.2772,82.343,69.1168,106.5512,59.1579,80.4558,152.4661,96.4805,96.7578,105.7889
1996-05,60.6708,86.1375,84.5374,88.7311,81.0513,67.9994,105.065,59.8272,77.2449,157.5116,98.0325,102.9541,106.428
1996-06,61.8553,87.9741,87.4498,93.5086,76.8008,69.6688,101.8438,57.6575,69.4144,184.7316,99.4837,105.3256,117.8586
1996-07,62.2031,87.4406,85.5891,98.2852,71.3958,65.2275,97.5948,54.4253,59.3366,169.9428,98.0632,108.0206,106.6527
1996-08,61.4816,87.0771,94.1265,109.4597,68.6427,69.0447,95.3678,55.1115,51.0291,153.3897,99.3783,102.9064,99.966
1996-09,63.8162,91.0171,99.9366,116.8192,68.5548,67.7835,94.7393,56.5654,48.8967,136.6672,100.3598,99.7235,96.3075
1996-10,65.9349,90.5074,109.9041,107.2697,70.551,70.9441,94.409,57.5261,54.9324,113.5511,100.7186,94.0219,93.0934
1996-11,66.492,90.3595,116.5219,96.6053,72.8042,67.3345,93.7666,58.0704,62.9795,97.7301,103.5914,93.1849,88.9744
1996-12,68.171,91.3547,118.5217,90.6216,76.9414,66.0805,94.418,59.188,74.8734,94.7288,103.0473,96.9459,80.5554
1997-01,67.9602,89.3283,96.306,84.1743,76.1694,70.1369,95.1233,57.0915,73.3207,103.8974,95.4578,92.0718,90.1557
1997-02,68.0701,88.5417,95.4509,82.9099,78.9128,71.0954,96.7564,61.364,75.6771,127.5293,97.6324,92.2797,96.3908
1997-03,68.0325,91.6556,92.7503,81.3315,81.2897,70.6176,97.9853,61.6569,82.6274,138.4987,99.0017,97.4796,101.5875
1997-04,68.6715,90.1821,85.4505,81.261,83.2594,73.1893,98.6082,60.1545,90.1126,137.9532,98.0384,99.0759,104.9115
1997-05,69.4752,90.6532,84.7746,85.1755,84.5085,72.5406,98.5608,62.8258,91.9086,142.1147,101.1132,103.4082,107.7464
1997-06,70.7074,91.9834,88.4368,92.273,83.2966,75.2629,97.7226,63.3998,88.6798,158.8859,101.8265,104.2382,114.8682
1997-07,70.1453,93.2149,85.6063,102.7273,78.6632,72.0894,94.0637,60.6991,80.8557,146.7862,101.9866,107.4767,106.3376
1997-08,72.7481,94.7085,95.7685,125.0194,74.1394,76.5689,92.2546,59.2022,69.6745,137.9639,103.5347,103.9559,105.5705
1997-09,75.3747,95.3992,100.196,123.3934,73.702,75.3195,90.8516,62.1455,65.6258,116.855,104.6134,98.3296,91.6333
1997-10,76.1829,97.2894,112.8112,102.6025,72.9389,79.1378,90.8773,61.3888,63.9608,105.823,105.1827,95.4759,89.8215
1997-11,76.6675,97.7632,117.7458,95.9329,73.7262,75.5138,90.8688,61.3537,66.1362,94.8097,107.6122,92.7498,90.2974
1997-12,79.277,99.387,118.509,92.3749,78.5687,73.1788,92.6241,62.7277,78.9919,83.8172,108.1429,95.0333,79.3447
1998-01,77.9795,95.7882,104.3528,87.5994,80.0038,77.2162,95.0819,61.6479,81.9568,96.8906,101.8218,91.7731,90.5121
1998-02,77.1142,96.1968,102.0962,87.0096,81.3907,77.5786,96.9506,63.4501,82.2787,118.6286,102.6456,93.4822,95.4988
1998-03,76.8559,99.4826,96.5394,86.1207,81.9474,76.212,98.6343,64.4483,81.3059,129.7973,103.2563,96.3531,99.9526
1998-04,75.1736,97.1259,92.4782,85.0369,85.2522,76.4879,100.5799,65.4545,89.5343,134.8164,102.3088,98.0197,102.2229
1998-05,76.231,97.3275,93.295,91.7547,84.6828,75.5503,101.0876,64.5199,88.9139,141.0219,105.6161,105.8234,111.4202
1998-06,76.7094,97.2807,96.5298,97.3228,82.2766,76.1986,99.0711,65.3926,82.3565,149.769,106.7457,109.7746,115.1677
1998-07,76.7427,101.0312,94.923,105.9336,75.0151,73.4561,94.8385,59.9167,69.5432,139.7473,106.7503,108.52,102.8661
1998-08,76.4207,98.6735,102.4578,125.4377,72.615,77.2293,92.8593,58.551,64.9233,130.3342,108.313,106.4274,101.9833
1998-09,78.682,99.8075,105.2817,129.3586,69.7463,76.1728,91.5156,58.9779,55.2342,115.1136,106.5199,106.7133,93.6735
1998-10,80.536,103.9184,115.4971,108.4592,73.2725,80.011,91.7728,61.614,62.9973,96.9114,107.3932,100.4257,89.0783
1998-11,79.0273,105.9122,119.2547,100.5184,74.2914,76.8542,91.8773,63.8159,62.9599,82.5265,109.4129,98.7145,86.5435
1998-12,78.4686,100.2837,118.3607,98.816,78.744,74.8453,93.4956,64.2715,76.42,78.9363,111.134,100.4089,75.2724
1999-01,77.6366,98.5199,102.187,91.5832,79.019,79.4716,94.7217,60.9749,79.8552,86.6679,103.6788,95.7668,90.6929
1999-02,76.9679,99.522,99.8498,88.7776,80.7174,77.8451,96.3345,62.5793,81.8041,100.9397,104.2925,97.231,93.4691
1999-03,76.2397,98.6661,93.2465,88.2983,82.3339,78.0169,97.8591,66.4587,80.6946,106.7338,104.4363,99.5929,94.0356
1999-04,74.3061,103.6374,92.5315,89.1007,82.9793,78.2946,98.2293,64.9168,85.0652,113.0035,105.6041,102.2743,93.2189
1999-05,75.996,104.2345,93.9,89.5083,82.0827,77.7821,98.2792,62.708,84.8093,116.618,109.1287,105.6698,100.2994
1999-06,78.237,101.996,94.3407,91.8475,79.2753,80.6736,95.4608,63.8406,77.1621,129.2262,109.1656,107.9327,98.7552
1999-07,73.5129,102.6784,93.892,103.0866,72.3496,76.4605,90.9569,59.311,63.9299,122.4859,109.7918,107.0154,91.6247
1999-08,75.3451,103.3656,97.9818,118.9135,71.5936,79.7648,90.462,58.8502,62.5909,119.9996,111.2277,105.4717,90.5457
1999-09,73.873,104.8917,101.5917,124.9591,71.8078,79.6433,90.9143,59.5748,61.3385,103.8433,109.5187,100.4295,83.3996
1999-10,75.4467,106.6449,114.6592,114.982,73.3215,83.0826,91.3843,59.9433,65.4374,92.4126,111.6013,94.6989,84.2431
1999-11,76.2642,104.6729,114.7603,105.8472,75.4954,78.6594,92.9205,62.957,67.4756,84.5964,111.6092,94.34,75.7665
1999-12,79.8395,104.3117,117.2012,101.3043,77.8737,75.0398,95.2302,61.8829,74.5593,79.7757,113.1532,96.4083,70.7439
2000-01,75.3238,96.0499,107.2412,95.7933,79.8803,79.134,98.4365,60.3509,79.0655,93.6513,107.8154,92.477,83.1428
2000-02,73.4761,98.5263,104.2867,92.6328,81.8202,80.8608,100.8438,60.1885,83.8127,111.6609,107.1412,92.8482,81.7632
2000-03,71.5132,99.731,99.2395,91.9609,82.8513,80.126,102.9339,61.3428,83.9758,125.4906,104.9052,97.9354,84.6165
2000-04,70.5222,96.5766,100.9747,92.0279,84.7683,78.004,104.0982,61.0811,89.9984,137.0021,108.2692,98.8025,92.634
2000-05,73.4922,96.0181,94.6764,94.279,83.4633,78.9966,103.8141,61.9077,84.8127,136.0748,108.4131,102.6332,90.617
2000-06,76.1199,97.8843,99.4506,98.525,81.9004,82.4946,101.7534,60.8193,83.8116,150.6469,110.1988,104.0413,92.971
2000-07,75.1845,103.7359,97.416,108.2726,77.7515,78.0021,99.1725,58.0585,75.5513,145.9445,110.6955,101.4122,91.1023
2000-08,74.8081,104.7884,102.6643,120.9759,74.9728,82.1722,96.7817,57.3009,69.5045,132.292,110.7567,101.5639,85.673
2000-09,77.6566,108.5503,109.4108,122.6237,72.7616,81.0085,95.7067,56.5921,62.9855,117.5882,109.5255,98.1771,81.7312
2000-10,78.0046,106.6568,119.1345,109.709,74.9598,84.4707,95.6303,57.5988,69.5763,114.1247,111.893,93.4394,80.7593
2000-11,78.1518,107.5928,118.1074,100.1988,75.4071,81.256,94.6431,58.3935,71.5456,92.9455,112.4231,97.0767,74.5128
2000-12,79.5967,105.2802,120.7835,97.2388,77.9304,76.9517,95.1261,58.0275,80.4963,88.808,111.5232,96.0434,70.007
2001-01,80.063,102.2276,106.7419,93.71,77.901,78.6712,96.3752,58.3817,77.6127,101.7034,104.9393,95.5929,78.4926
2001-02,78.8514,98.036,106.1442,91.694,80.6335,78.4375,97.564,59.4089,85.1294,116.3419,105.6096,92.274,84.4306
2001-03,77.4816,101.0503,103.2805,92.992,79.9175,78.6952,98.0362,61.4131,79.2711,123.0619,106.575,95.0465,84.6287
2001-04,77.8799,99.2692,99.8862,91.4153,81.9724,78.7595,98.7656,60.0782,87.9469,134.7958,107.0423,98.745,87.8868
2001-05,77.3222,101.5958,98.3535,97.8677,82.7825,80.7291,99.1512,61.2283,89.3007,132.38,108.6764,102.4501,89.8207
2001-06,79.5021,99.7598,100.4432,103.884,81.3727,83.0371,97.4418,60.8748,87.7391,148.8544,110.3715,105.5711,93.6623
2001-07,78.69,101.2093,98.8376,110.3784,76.2107,78.6705,93.5144,58.8651,76.0249,141.887,110.0277,105.7428,90.5454
2001-08,80.0052,103.6327,104.2248,123.1023,72.2275,83.4068,91.5122,57.8762,64.9487,135.1638,110.606,104.9598,86.1354
2001-09,82.944,102.1652,107.5635,123.4797,72.7654,83.1027,91.8965,58.0729,65.0195,128.9902,111.2838,98.7452,83.5383
2001-10,83.8319,104.3147,109.3151,115.3839,74.7416,86.8952,92.5069,60.0258,68.4839,115.4467,111.9219,96.1568,73.365
2001-11,85.6631,103.8686,112.0996,107.2131,76.6157,82.1177,93.9701,63.22,69.5794,105.3976,111.699,97.156,75.246
2001-12,86.1962,107.1356,112.9027,104.2169,79.2926,81.7201,96.1715,62.5072,76.4681,104.9098,111.1302,94.712,73.8188
2002-01,81.3435,101.4462,102.3681,100.457,80.2718,83.3575,99.1097,62.7098,75.2555,121.3209,103.9908,92.6613,81.0693
2002-02,78.2856,99.898,99.7289,97.5563,83.6319,83.2102,102.2835,65.1115,80.3443,144.1156,102.6037,90.5788,84.6745
2002-03,78.1954,100.296,96.0417,99.1973,85.4242,82.5036,104.6012,65.1853,84.0658,155.6819,104.5966,91.7574,88.9404
2002-04,79.7344,97.4894,91.1519,99.6064,87.5802,85.1545,106.834,65.4068,88.7717,169.7411,105.0918,91.655,86.2066
2002-05,80.3834,96.7813,88.6766,100.282,87.355,84.814,107.9214,66.2992,85.6471,165.7226,106.6802,94.8411,89.7453
2002-06,81.4216,100.3134,97.704,103.8692,85.2539,88.65,106.2922,64.5816,83.0172,189.449,108.1579,97.5152,98.2774
2002-07,84.4472,99.7854,96.1288,105.0634,79.1197,84.1846,102.8962,61.1454,69.7364,173.795,105.7148,101.7989,88.8234
2002-08,87.2613,95.9408,102.3437,121.2254,78.5198,88.382,103.0407,63.4187,64.3365,163.7692,108.0767,101.0461,91.0531
2002-09,88.0739,97.1234,104.0572,121.4557,76.6975,86.7149,102.098,63.5829,58.1055,151.1102,109.3866,90.7169,90.3811
2002-10,89.0238,100.182,108.0309,112.0502,77.9679,90.4395,102.4991,64.8943,60.3818,137.2102,109.656,90.3973,83.1429
2002-11,91.1273,97.0318,111.9922,105.0532,78.7772,84.8903,103.4364,66.7565,59.1954,114.9387,108.1258,85.8882,80.2309
2002-12,96.2758,99.1255,108.1745,98.5508,82.9457,82.1572,106.1468,66.1987,70.6785,105.9717,108.9074,86.9147,77.6583
2003-01,94.5402,96.104,98.4704,93.3279,83.7708,84.3375,109.2142,63.5377,72.5213,125.6702,99.3093,87.0092,86.3017
2003-02,94.6161,98.6766,96.8665,91.6983,86.1552,83.4549,111.7338,63.9173,77.1706,142.8689,99.7576,88.7057,93.3526
2003-03,94.5971,101.2633,96.906,93.18,87.8312,83.9488,113.1637,64.9626,80.5122,145.1467,100.2051,92.3553,98.4724
2003-04,94.1436,99.3159,91.625,92.4922,89.8844,84.6263,113.9804,65.9059,86.0648,151.9103,99.6626,93.0971,100.5744
2003-05,94.511,97.6934,93.7626,93.7542,89.0609,85.5816,113.158,65.0766,85.7003,147.8303,101.4446,96.1117,104.7523
2003-06,96.8152,98.669,97.2838,97.8198,86.0282,90.2305,111.6324,64.8668,78.0155,163.3888,104.2764,101.3433,110.1873
2003-07,98.8418,100.0454,89.592,105.3428,81.8401,85.3238,107.2673,63.0747,71.3353,146.585,101.088,102.9638,103.4546
2003-08,96.8808,98.6255,98.5357,127.1708,77.5282,87.8803,105.1906,61.2574,60.7303,141.5927,103.8278,103.2337,107.1611
2003-09,97.1421,100.7311,101.6998,130.1811,77.4493,86.8997,104.0695,63.5829,58.9631,127.1401,104.581,99.3215,94.9524
2003-10,97.4918,104.7098,108.9584,112.765,78.4871,88.0547,103.466,63.9457,62.3205,116.2079,104.2742,95.1536,92.8688
2003-11,94.4421,105.1635,115.5455,98.4602,79.3192,82.0722,103.1506,63.4699,66.6476,107.019,107.3993,95.2212,91.8499
2003-12,94.6222,105.9557,112.0587,95.6752,83.389,80.2977,104.558,64.9425,77.5164,93.8187,108.389,94.6342,79.8787
2004-01,93.7642,102.285,101.0508,90.9169,81.9356,81.6148,105.6328,63.2272,72.191,104.4377,101.6412,94.3044,89.4671
2004-02,89.9604,102.1528,102.3264,88.408,82.0063,81.0769,106.1869,64.123,71.1434,126.41,100.7212,93.3249,95.9393
2004-03,84.6846,101.1035,90.3585,88.7283,82.5216,82.914,107.2614,66.8387,69.2323,140.8751,103.9784,95.2912,95.233
2004-04,84.3887,97.7504,88.8856,88.6734,85.338,82.4061,108.5926,66.675,78.3775,149.0934,105.3147,102.4342,98.9948
2004-05,85.8437,99.4837,95.5204,93.7486,85.7764,83.5002,108.23,63.8181,84.0968,150.9118,108.7492,104.6058,105.3117
2004-06,86.7248,98.5677,92.5021,97.6566,84.2771,86.4811,105.8759,62.7567,83.9112,169.549,110.0775,112.812,102.9776
2004-07,85.5399,97.3141,92.3843,114.7589,80.3,82.8123,103.0301,60.3122,76.4925,157.7424,109.5447,115.9996,98.748
2004-08,83.5311,98.371,101.2454,125.8221,77.577,87.2914,101.482,61.4579,66.5916,153.9945,110.4816,114.7893,96.5685
2004-09,82.6691,100.4445,105.2134,123.8133,76.5224,87.4758,100.3587,63.386,61.2115,144.8709,111.1966,111.1414,87.47
2004-10,83.5509,103.765,115.3443,110.8212,76.9988,90.1186,100.441,64.6133,60.6153,139.9583,111.9191,104.457,88.8864
2004-11,84.6196,103.4625,116.1239,101.1932,77.5528,84.4963,100.4175,67.7774,58.7646,120.8964,113.3573,110.8721,81.1957
2004-12,86.0801,99.4672,113.4162,97.8483,80.0456,83.095,102.184,67.7356,65.2058,111.6335,114.6277,106.7966,72.7279
2005-01,89.6808,99.2879,108.7016,94.4192,80.3376,87.5483,104.3433,66.5357,63.9573,130.6871,106.7472,107.5086,86.1767
2005-02,89.7247,101.6865,108.1499,92.6262,83.6319,86.5792,107.0639,68.9848,69.6006,148.6741,107.8171,104.3369,90.7612
2005-03,90.0139,100.0836,93.5933,92.6546,85.6307,86.4639,108.7901,71.2461,72.2201,159.7914,107.7122,106.9994,86.8787
2005-04,89.5388,99.5659,93.1702,95.2737,87.3079,88.0064,111.4191,70.0333,76.4265,172.3926,106.2963,115.3905,95.0293
2005-05,90.7659,99.4114,97.1895,96.9764,88.4712,89.1062,112.5876,70.4909,78.5005,170.5106,110.1442,114.239,100.8922
2005-06,93.3173,100.4036,93.4262,102.3143,89.1477,93.2368,111.8721,71.7764,81.1714,196.8206,110.6382,120.8238,100.8283
2005-07,93.4397,100.7386,96.0058,109.7663,83.5808,88.6167,107.5354,67.0817,72.3989,190.8785,108.1916,123.2656,101.3447
2005-08,92.769,98.0401,99.9598,120.9941,81.4289,92.3677,106.9073,68.5289,63.273,179.8767,108.2527,128.1367,96.3805
2005-09,97.4024,99.3567,104.1652,115.6334,80.332,92.7986,105.6894,69.7409,58.5701,154.2449,110.8852,120.8028,88.251
2005-10,96.7646,100.2612,119.2641,106.8832,79.3738,97.0613,104.7541,68.6142,57.124,144.6851,110.0797,119.9865,89.2667
2005-11,96.1075,95.9941,118.4954,102.4675,81.4566,92.842,105.1,71.2718,61.1449,122.6144,111.3327,116.6814,84.0951
2005-12,100.2815,93.5074,121.4636,96.4958,84.9562,91.3384,106.2485,71.8862,71.1734,107.2968,111.2055,110.9629,77.9913
2006-01,100.2999,92.7199,102.6094,93.0281,86.3077,93.1142,109.6482,69.3769,73.0665,131.2493,103.9218,111.0158,89.3067
2006-02,96.4697,90.6669,102.1546,90.2935,90.1873,92.0055,112.5314,70.3418,82.0224,144.7598,103.307,111.0151,92.2939
2006-03,95.2805,92.1561,93.9862,91.3206,90.6015,93.812,113.7315,72.1259,80.3976,156.8635,104.2184,110.4677,97.4587
2006-04,93.9847,89.214,93.2686,90.7537,90.7587,94.1085,114.1622,71.8267,80.6542,168.2537,102.5025,109.6586,102.6516
2006-05,93.5927,91.1931,88.477,94.7488,90.6376,94.2633,114.0439,71.6586,81.0818,160.435,104.4209,111.1238,100.731
2006-06,93.8019,91.2831,88.5189,99.7089,88.3517,98.0393,112.3103,71.8448,76.1886,183.1928,105.5294,113.1404,104.4363
2006-07,91.1252,92.0214,88.4363,109.9167,81.603,93.2373,107.3182,67.8109,63.9754,176.582,106.4332,117.5864,103.1957
2006-08,85.1764,92.5536,97.546,122.7105,79.9019,96.1388,106.4092,69.7379,57.7024,164.7917,106.4008,115.6312,98.9991
2006-09,87.4228,96.6397,104.4416,127.7155,79.9369,95.8566,105.6487,72.1784,55.2108,146.8705,108.1573,105.1853,94.2429
2006-10,89.5465,98.8919,113.1698,115.2862,80.4318,100.2783,104.7071,72.1511,57.6083,128.3137,109.5605,101.6656,87.4752
2006-11,91.6098,95.9533,113.9607,106.1506,82.2644,95.4436,105.6495,73.7254,61.031,111.4271,112.7532,106.8029,83.8482
2006-12,93.4911,93.2757,115.5053,101.5478,86.6349,91.5699,107.4964,74.9053,71.789,102.6251,110.8447,109.7717,83.2726
2007-01,91.477,93.499,106.5728,97.3001,87.6499,91.4932,109.676,75.4271,71.5536,126.6596,101.6803,109.5439,89.3196
2007-02,91.8255,92.5603,101.9668,96.9392,88.9695,92.3362,111.2442,77.1646,71.9759,139.5354,102.2269,110.6187,97.7517
2007-03,91.1753,93.7124,98.522,100.8479,90.7152,91.7235,112.9455,78.4946,74.8433,153.5697,104.9076,111.0861,99.758
2007-04,89.6017,93.1115,86.8897,103.352,93.48,92.5368,113.7646,78.1019,84.3485,170.5203,101.337,118.9045,102.2128
2007-05,90.5332,96.1886,85.5558,105.3967,91.6502,92.4808,112.7581,78.2638,79.5368,167.8417,102.0886,120.112,102.9247
2007-06,92.5358,97.3813,82.6706,107.3876,91.9336,97.0083,110.9873,78.2241,83.6073,180.6641,103.9747,126.9869,109.3776
2007-07,90.1879,101.0125,79.4454,116.7171,90.6314,92.7779,108.6047,76.7041,83.9346,167.7535,103.6145,124.1929,103.9285
2007-08,88.8407,99.4144,87.4636,123.5597,87.405,94.7431,106.7932,76.7775,74.5553,149.7052,103.5027,130.7652,95.6774
2007-09,92.1278,101.4766,95.5682,120.7123,85.7747,95.819,105.1804,77.5587,69.1515,142.429,106.3943,118.4931,95.1252
2007-10,94.1199,103.0761,100.598,108.9587,87.5718,100.6297,104.8011,79.8236,73.6643,126.7322,104.9794,117.497,81.1233
2007-11,93.6281,101.5751,102.7454,100.8565,88.9554,95.8716,105.1023,81.4635,76.3474,104.3601,107.591,116.1851,79.4837
2007-12,96.9756,100.6664,104.7263,96.9865,91.0489,93.2939,105.3603,81.8622,83.0754,99.8181,107.1962,112.0013,74.446
2008-01,96.8127,99.304,94.402,96.9479,91.6505,95.3875,107.1512,78.5114,86.3305,108.3465,96.4526,110.4221,80.0356
2008-02,94.7312,99.9125,88.4075,95.9402,93.7137,93.7847,108.3288,80.716,90.1898,125.224,97.601,107.3082,82.8809
2008-03,97.0044,101.7659,84.5049,96.2812,94.9419,94.6427,109.4774,80.2265,93.8669,140.256,98.9098,111.5426,88.6792
2008-04,96.2607,100.5556,79.9321,96.2068,96.266,97.0773,110.4117,80.5621,97.2974,142.2793,97.0661,114.264,85.2745
2008-05,90.3612,99.5105,77.4478,99.5446,95.8759,94.8389,110.4768,79.3123,97.7519,144.142,98.4594,120.6362,87.8542
2008-06,90.6424,101.1476,77.5836,101.7743,95.3226,96.8915,108.8118,79.671,98.2727,169.9507,97.8403,123.0369,93.3757
2008-07,93.6576,101.2446,74.2352,105.0798,91.7036,93.2236,105.6182,77.4743,92.4408,145.4867,97.914,125.4064,85.0749
2008-08,97.9044,101.7653,77.2549,113.992,88.5701,96.1855,104.1523,77.7514,82.1343,140.2383,99.511,121.7433,90.0526
2008-09,100.4536,102.4135,90.0804,121.0704,86.6151,96.3789,103.5947,78.3864,74.5956,124.4164,98.0618,111.1697,82.0804
2008-10,104.2202,106.4753,99.4489,111.1966,89.5324,97.5616,103.821,79.5287,83.9535,109.3037,101.0735,107.206,78.1663
2008-11,101.8262,104.7895,100.9843,105.1183,91.547,92.5256,104.9001,79.8109,89.0699,102.7701,99.7535,107.7295,79.3714
2008-12,98.9292,99.9972,88.6537,97.9684,94.2284,88.5674,106.5846,80.2971,96.0134,84.0586,102.4584,103.5079,71.4351
2009-01,103.3707,99.7655,78.2796,91.7473,94.0692,90.6176,108.4942,76.7336,95.7914,94.4871,94.2696,106.9476,85.7253
2009-02,101.0961,106.7111,77.45,88.4538,93.807,93.3905,110.2561,78.8195,89.5858,115.5767,95.9122,99.7384,92.38
2009-03,99.8393,107.6033,74.4436,89.4432,94.7152,93.1566,111.7397,80.6703,88.9611,130.0371,95.8566,101.8481,97.5385
2009-04,98.566,106.8373,69.3343,89.2525,96.3729,92.5739,113.4989,81.2164,92.3345,133.4899,94.3836,100.1596,99.9174
2009-05,103.2985,109.4788,69.798,94.0668,96.8922,92.1776,114.7102,79.4608,94.7811,138.4215,97.0858,107.7138,111.6842
2009-06,101.2759,110.6402,69.2049,100.6233,96.0164,94.6738,112.7077,80.5386,93.8979,150.823,96.0836,104.6817,110.6592
2009-07,99.0482,107.6815,71.6203,109.1773,91.9083,90.6223,109.8015,78.6033,85.0338,134.901,94.8076,107.1491,104.8076
2009-08,96.3923,107.409,77.5279,120.7531,88.2388,95.4128,107.9395,79.6397,71.5127,132.943,98.1689,109.3821,105.2091
2009-09,95.1128,108.0397,88.1192,123.3458,87.0723,95.1814,106.5791,82.0998,65.9725,119.8167,95.6215,112.3576,99.2576
2009-10,97.4519,112.6058,107.7949,112.1386,87.1822,95.9737,105.5944,81.8041,67.5205,107.1083,97.7548,105.4304,93.6055
2009-11,99.0802,113.6166,102.0858,99.4478,90.1366,91.7217,106.4077,82.663,76.443,88.13,98.4246,103.1766,89.7846
2009-12,101.2914,109.2522,101.6592,94.5043,93.0892,88.0205,107.5311,82.7711,85.6366,78.0391,96.1751,98.9558,82.3922
2010-01,103.4662,107.2631,87.5599,91.9901,93.501,89.6192,108.9351,81.3121,85.8359,91.5783,90.4156,100.915,94.5092
2010-02,102.3688,111.1774,86.3674,88.1063,95.3309,91.1443,110.7749,83.653,88.168,110.8511,92.7672,98.353,95.8014
2010-03,102.5971,108.2546,80.2017,89.038,97.722,91.6625,112.3131,87.246,92.0219,127.5039,94.4761,99.3383,99.7604
2010-04,99.4092,105.917,78.0176,89.5407,99.5392,90.3073,114.3848,87.4399,96.0426,133.0735,94.6597,102.2503,104.2673
2010-05,98.9172,104.4987,78.402,91.521,99.4529,88.9753,114.5487,86.5479,96.7035,134.9921,97.4097,110.5668,114.7829
2010-06,95.8027,105.4891,77.9568,92.831,99.4969,94.2243,113.2859,89.8981,95.7459,144.418,97.7181,110.5987,112.9994
2010-07,96.0017,102.5473,83.9774,101.1151,95.1332,89.2043,109.9729,86.6244,88.3295,129.2744,97.6013,107.4497,107.6298
2010-08,97.9708,106.016,92.9126,115.7574,91.6099,94.4982,107.4603,86.0086,79.5156,125.9632,98.57,110.6439,106.6487
2010-09,97.2689,104.4838,100.7959,116.4751,92.1678,95.4839,107.0257,89.0417,78.0371,116.4443,100.4527,106.3475,95.0225
2010-10,97.7286,107.8377,109.8495,105.8863,91.3357,100.2455,105.8313,86.9492,78.922,98.0676,99.3699,108.1541,93.721
2010-11,95.4424,107.3591,102.3998,94.2226,93.9673,97.9863,106.4543,89.9002,84.3668,81.3481,100.0965,98.7199,87.0661
2010-12,96.4251,101.7424,103.2952,90.606,96.4413,94.6882,107.1553,89.1313,93.378,73.0135,99.1685,99.8303,80.31
2011-01,95.6277,102.1326,89.6644,86.9992,94.5974,96.9611,108.5528,86.4005,86.7387,92.9068,93.8541,94.5121,93.5642
2011-02,96.9233,101.7724,89.2279,86.997,95.7365,96.396,110.3219,86.8188,88.4229,106.5035,94.8476,97.6715,96.8235
2011-03,99.3941,100.5088,86.1335,86.8918,97.9323,97.1858,112.0958,88.5779,92.3983,114.6108,96.0707,100.8329,105.7255
2011-04,96.7513,99.2856,84.8809,87.1897,100.0658,93.6297,113.3075,88.2809,99.1705,116.9922,97.435,102.5947,105.9044
2011-05,91.9301,99.3065,79.5307,87.3117,99.8982,94.6635,113.4436,87.8851,99.1275,116.5031,99.1839,108.054,110.0662
2011-06,93.4532,99.4653,78.0918,91.5707,99.6837,99.9178,111.6788,88.1471,101.2235,121.1545,97.3421,112.7256,113.8325
2011-07,93.1359,97.2502,78.0551,99.9374,93.7888,92.9908,107.4331,81.7152,93.0069,116.6281,96.9936,116.2219,107.5937
2011-08,92.8888,97.2793,80.046,113.7685,91.6605,96.6628,106.6131,82.0865,85.884,115.3663,97.1456,112.7376,101.8938
2011-09,92.3005,95.4425,81.8201,118.6178,91.0666,96.7274,105.3318,85.1359,81.1054,102.0781,98.7347,108.8291,99.8058
2011-10,95.922,101.9786,101.7469,108.2148,91.0195,99.863,104.5746,85.1028,81.5477,91.3902,99.8232,107.7983,94.4801
2011-11,96.2009,104.2685,101.816,94.7526,95.0746,93.9585,104.5042,87.3604,94.5511,76.7527,100.4536,108.342,88.273
2011-12,100.4082,100.7482,100.195,91.6664,97.9218,90.5233,105.3598,87.6328,103.7496,71.6863,101.0825,101.5224,84.0171
2012-01,100.2798,100.6737,87.153,87.7705,100.2763,92.2775,107.8346,85.6851,111.0365,85.6801,91.1626,105.5813,93.4399
2012-02,95.9557,100.672,86.3652,86.8274,102.9903,91.2461,109.9618,86.3062,117.8344,99.8965,94.0592,103.5691,96.4529
2012-03,98.6264,98.2272,82.1032,87.995,104.9702,90.3813,111.2065,89.5436,119.5026,112.8687,93.5294,106.8185,103.6794
2012-04,97.6954,97.2089,76.4728,86.1259,105.697,89.8949,111.2982,86.9164,125.8359,115.2007,93.5052,111.049,106.8902
2012-05,96.2373,99.354,74.4181,93.321,103.8308,89.566,109.675,85.9084,122.7946,114.952,95.3737,113.0461,106.6807
2012-06,99.2106,102.9819,75.4694,97.8501,101.7887,92.324,107.1521,87.1243,117.2101,124.7554,95.3996,116.4581,116.411
2012-07,97.9545,104.4609,77.9936,104.1134,95.6014,88.2745,102.9,82.6,104.8297,112.692,97.5736,119.2037,111.8501
2012-08,96.1665,101.8259,85.5773,122.8165,92.0744,92.0404,101.7235,83.467,90.5835,107.9826,98.2057,117.0501,104.7006
2012-09,100.4007,102.5819,97.6574,123.6478,90.1509,91.9868,100.5301,84.3349,82.3759,96.6639,100.2245,113.5834,108.3531
2012-10,100.6925,107.9006,99.8675,110.0916,92.9557,94.7084,100.8432,87.3221,89.7735,89.147,100.9045,107.4438,94.3233
2012-11,95.8216,106.9282,100.8003,95.4871,96.6823,91.493,102.6274,88.7776,100.5243,75.048,102.9724,110.4496,94.9166
2012-12,99.7018,105.4151,100.7764,97.3851,102.0021,88.1233,104.6745,89.4901,117.9687,68.9536,102.9329,113.1407,97.9069
2013-01,97.6144,108.3265,92.8489,91.8162,101.3195,91.6694,106.3981,87.745,114.6209,78.3168,94.3161,108.5352,97.6297
2013-02,96.8787,106.0767,88.4444,92.4578,103.4918,90.2656,108.5473,88.5533,118.8811,98.2778,94.8764,110.1606,109.2634
2013-03,94.6383,102.6795,88.9596,90.6797,103.6217,91.1373,110.0217,89.9647,114.9368,108.1479,95.1429,110.3007,115.786
2013-04,98.2015,103.7104,82.639,94.4512,106.1251,92.4253,110.9579,90.5661,123.5699,108.1736,96.6397,111.2877,114.4212
2013-05,96.7169,102.6682,79.5933,96.4718,104.1939,90.6097,110.8021,88.9105,118.2806,111.1883,99.5096,111.8374,119.6591
2013-06,102.5041,104.9095,79.7108,103.9381,101.8185,95.0653,108.613,88.6418,112.486,129.0215,99.1728,115.7059,136.7002
2013-07,102.907,102.8306,80.3504,108.511,95.5336,91.4133,103.8131,83.8771,101.4369,112.6736,99.3621,111.7531,119.6089
2013-08,102.0108,100.2526,87.3886,118.4475,94.8134,94.5651,103.3522,87.1494,94.1118,106.3623,102.8783,112.3999,121.3486
2013-09,101.0935,100.8914,92.0476,121.6582,89.9324,93.5734,100.1591,86.5897,79.1563,98.498,102.1543,112.2405,119.937
2013-10,100.3332,106.0042,102.5614,110.274,92.7425,97.2145,100.1084,88.6039,88.4199,91.3043,103.3345,110.6552,106.2466
2013-11,103.3135,107.0938,106.4893,98.4519,93.6933,92.9707,99.8423,88.0654,93.7957,80.3577,101.5993,108.8569,100.9078
2013-12,104.748,109.2593,108.0843,99.8516,97.7355,90.8725,100.5687,90.065,106.8955,68.062,103.1136,108.9974,100.0033
2014-01,101.0033,104.8625,91.8221,92.4567,98.5093,89.6423,102.8215,88.1114,108.7308,86.7435,95.6739,106.8567,102.7945
2014-02,102.6771,109.6532,91.3606,90.1198,99.4867,91.3035,104.0193,86.7599,112.9311,102.1509,98.8418,109.8024,108.763
2014-03,105.2708,103.5737,88.8589,90.2297,101.0027,89.6278,104.6827,88.6704,115.9623,114.252,98.188,109.9688,114.1133
2014-04,103.2298,102.3115,81.7398,92.3337,102.2262,90.1272,105.3796,90.5176,117.1944,119.8499,99.3011,110.8415,111.5192
2014-05,100.6451,103.2937,77.6142,92.3066,101.7872,88.61,104.9956,88.2897,119.8302,117.1007,100.2765,114.4733,116.3112
2014-06,98.9744,101.0795,78.312,103.1186,99.953,92.2272,103.3579,88.6666,114.3178,131.5345,101.9302,115.2342,126.3789
2014-07,102.5248,101.4931,76.9918,105.5613,96.9916,86.8311,100.2688,87.0418,109.6692,117.6691,99.5188,116.5026,112.195
2014-08,103.8059,99.8081,85.4195,124.4503,92.1779,90.3596,98.8105,84.4793,93.281,111.737,101.7679,113.9979,110.0421
2014-09,100.7301,98.7086,92.6979,123.5944,92.5666,90.6591,97.7363,88.1539,90.7533,100.8456,101.9151,115.0958,109.3817
2014-10,100.1365,107.9554,103.4177,110.1393,94.5578,93.8871,97.6825,89.6243,96.7492,91.4113,102.8248,112.8406,97.4982
2014-11,102.4876,109.3922,110.9391,99.5039,96.5341,90.4505,97.8775,90.8222,102.873,86.6614,105.2623,110.0136,94.8672
2014-12,102.7646,109.7321,110.0463,98.6627,99.669,88.8663,99.1731,93.4657,109.8905,75.411,106.0199,113.3839,91.3624
2015-01,99.8693,108.4969,93.7183,93.2245,100.4635,90.9467,101.1172,91.3285,112.3686,85.5795,96.5686,111.9385,94.0799
2015-02,99.0798,108.2776,92.5262,91.0156,101.5746,91.4368,102.3133,91.6476,114.3807,100.533,96.8312,109.404,103.2315
2015-03,98.013,110.3519,90.2869,92.2382,104.2884,92.7238,103.2034,93.9665,121.2909,109.5423,98.3382,111.6889,110.5702
2015-04,97.7603,109.3031,85.5492,92.0963,105.6527,91.8569,104.7791,94.1532,123.9616,108.342,96.6783,111.9148,109.008
2015-05,98.5669,107.6288,81.9169,93.4027,104.3549,91.0115,104.7292,92.587,120.1168,106.0861,100.5178,116.0642,118.3103
2015-06,96.007,108.0653,85.4599,101.472,102.2603,93.0302,102.3596,94.9294,113.6057,116.2604,100.9362,116.5366,121.7762
2015-07,97.3737,107.3193,87.4176,107.4669,99.0246,90.0365,99.3248,94.6926,106.3279,108.6193,99.4468,116.7243,110.3477
2015-08,100.294,105.1626,99.0636,122.6321,94.4361,94.3394,97.0964,92.858,93.4635,112.6288,101.3961,115.9255,115.5833
2015-09,100.5408,102.2756,99.8239,124.7925,93.6577,95.5734,94.9341,94.9179,91.2505,100.9017,104.9525,117.3023,112.0242
2015-10,102.2685,108.6217,110.2747,110.3079,94.6009,97.0306,93.8244,97.1,93.7642,94.6212,106.0698,109.1097,102.3797
2015-11,106.1495,109.747,109.3003,101.6301,97.2625,94.3391,93.544,97.4212,104.3281,86.6467,107.5872,105.6656,95.0334
2015-12,110.767,108.5891,106.3806,97.7227,101.0971,91.4832,93.6974,99.0849,117.406,77.7988,107.2651,107.9731,92.8457
